window_end_date,eigenvalue_rank,eigenvalue,lambda_plus,lambda_minus
2005-04-01,1,5.90729,1.9246,0.375403
2005-04-01,2,1.02833,1.9246,0.375403
2005-04-01,3,0.592938,1.9246,0.375403
2005-04-01,4,0.409111,1.9246,0.375403
2005-04-01,5,0.290778,1.9246,0.375403
2005-04-01,6,0.260187,1.9246,0.375403
2005-04-01,7,0.20493,1.9246,0.375403
2005-04-01,8,0.177291,1.9246,0.375403
2005-04-01,9,0.129149,1.9246,0.375403
2005-06-30,1,6.09024,1.9246,0.375403
2005-06-30,2,0.980329,1.9246,0.375403
2005-06-30,3,0.613002,1.9246,0.375403
2005-06-30,4,0.366105,1.9246,0.375403
2005-06-30,5,0.343044,1.9246,0.375403
2005-06-30,6,0.239758,1.9246,0.375403
2005-06-30,7,0.183126,1.9246,0.375403
2005-06-30,8,0.101237,1.9246,0.375403
2005-06-30,9,0.0831549,1.9246,0.375403
2005-09-29,1,5.5916,1.9246,0.375403
2005-09-29,2,1.22006,1.9246,0.375403
2005-09-29,3,0.557098,1.9246,0.375403
2005-09-29,4,0.460967,1.9246,0.375403
2005-09-29,5,0.296175,1.9246,0.375403
2005-09-29,6,0.284077,1.9246,0.375403
2005-09-29,7,0.219616,1.9246,0.375403
2005-09-29,8,0.190782,1.9246,0.375403
2005-09-29,9,0.179623,1.9246,0.375403
2005-12-29,1,5.94475,1.9246,0.375403
2005-12-29,2,0.857215,1.9246,0.375403
2005-12-29,3,0.637819,1.9246,0.375403
2005-12-29,4,0.435537,1.9246,0.375403
2005-12-29,5,0.330494,1.9246,0.375403
2005-12-29,6,0.27869,1.9246,0.375403
2005-12-29,7,0.23519,1.9246,0.375403
2005-12-29,8,0.15825,1.9246,0.375403
2005-12-29,9,0.122054,1.9246,0.375403
2006-03-31,1,5.33337,1.9246,0.375403
2006-03-31,2,1.53412,1.9246,0.375403
2006-03-31,3,0.678236,1.9246,0.375403
2006-03-31,4,0.411536,1.9246,0.375403
2006-03-31,5,0.386702,1.9246,0.375403
2006-03-31,6,0.239657,1.9246,0.375403
2006-03-31,7,0.192829,1.9246,0.375403
2006-03-31,8,0.137473,1.9246,0.375403
2006-03-31,9,0.0860804,1.9246,0.375403
2006-06-30,1,6.43557,1.9246,0.375403
2006-06-30,2,0.849274,1.9246,0.375403
2006-06-30,3,0.579447,1.9246,0.375403
2006-06-30,4,0.39132,1.9246,0.375403
2006-06-30,5,0.263703,1.9246,0.375403
2006-06-30,6,0.194712,1.9246,0.375403
2006-06-30,7,0.148021,1.9246,0.375403
2006-06-30,8,0.0785983,1.9246,0.375403
2006-06-30,9,0.0593564,1.9246,0.375403
2006-09-29,1,5.00881,1.9246,0.375403
2006-09-29,2,1.27307,1.9246,0.375403
2006-09-29,3,1.13066,1.9246,0.375403
2006-09-29,4,0.448357,1.9246,0.375403
2006-09-29,5,0.382661,1.9246,0.375403
2006-09-29,6,0.260513,1.9246,0.375403
2006-09-29,7,0.244741,1.9246,0.375403
2006-09-29,8,0.146751,1.9246,0.375403
2006-09-29,9,0.104433,1.9246,0.375403
2006-12-29,1,4.48689,1.9246,0.375403
2006-12-29,2,1.41632,1.9246,0.375403
2006-12-29,3,0.97266,1.9246,0.375403
2006-12-29,4,0.712758,1.9246,0.375403
2006-12-29,5,0.370196,1.9246,0.375403
2006-12-29,6,0.340161,1.9246,0.375403
2006-12-29,7,0.280217,1.9246,0.375403
2006-12-29,8,0.216496,1.9246,0.375403
2006-12-29,9,0.204308,1.9246,0.375403
2007-04-03,1,6.64987,1.9246,0.375403
2007-04-03,2,0.693203,1.9246,0.375403
2007-04-03,3,0.487049,1.9246,0.375403
2007-04-03,4,0.29098,1.9246,0.375403
2007-04-03,5,0.241061,1.9246,0.375403
2007-04-03,6,0.201145,1.9246,0.375403
2007-04-03,7,0.176453,1.9246,0.375403
2007-04-03,8,0.161881,1.9246,0.375403
2007-04-03,9,0.0983597,1.9246,0.375403
2007-07-03,1,6.47535,1.9246,0.375403
2007-07-03,2,0.56124,1.9246,0.375403
2007-07-03,3,0.429521,1.9246,0.375403
2007-07-03,4,0.402334,1.9246,0.375403
2007-07-03,5,0.296692,1.9246,0.375403
2007-07-03,6,0.276823,1.9246,0.375403
2007-07-03,7,0.218154,1.9246,0.375403
2007-07-03,8,0.184564,1.9246,0.375403
2007-07-03,9,0.155326,1.9246,0.375403
2007-10-02,1,7.18958,1.9246,0.375403
2007-10-02,2,0.431903,1.9246,0.375403
2007-10-02,3,0.36348,1.9246,0.375403
2007-10-02,4,0.290196,1.9246,0.375403
2007-10-02,5,0.199745,1.9246,0.375403
2007-10-02,6,0.190166,1.9246,0.375403
2007-10-02,7,0.147863,1.9246,0.375403
2007-10-02,8,0.11651,1.9246,0.375403
2007-10-02,9,0.0705607,1.9246,0.375403
2008-01-02,1,6.7015,1.9246,0.375403
2008-01-02,2,0.623199,1.9246,0.375403
2008-01-02,3,0.541029,1.9246,0.375403
2008-01-02,4,0.321444,1.9246,0.375403
2008-01-02,5,0.293789,1.9246,0.375403
2008-01-02,6,0.206225,1.9246,0.375403
2008-01-02,7,0.137561,1.9246,0.375403
2008-01-02,8,0.0996383,1.9246,0.375403
2008-01-02,9,0.0756151,1.9246,0.375403
2008-04-03,1,6.03633,1.9246,0.375403
2008-04-03,2,0.922143,1.9246,0.375403
2008-04-03,3,0.733637,1.9246,0.375403
2008-04-03,4,0.372206,1.9246,0.375403
2008-04-03,5,0.337082,1.9246,0.375403
2008-04-03,6,0.242151,1.9246,0.375403
2008-04-03,7,0.15175,1.9246,0.375403
2008-04-03,8,0.108863,1.9246,0.375403
2008-04-03,9,0.0958405,1.9246,0.375403
2008-07-02,1,5.21504,1.9246,0.375403
2008-07-02,2,1.58276,1.9246,0.375403
2008-07-02,3,0.652168,1.9246,0.375403
2008-07-02,4,0.4462,1.9246,0.375403
2008-07-02,5,0.341625,1.9246,0.375403
2008-07-02,6,0.28223,1.9246,0.375403
2008-07-02,7,0.199899,1.9246,0.375403
2008-07-02,8,0.188846,1.9246,0.375403
2008-07-02,9,0.0912334,1.9246,0.375403
2008-10-01,1,5.85145,1.9246,0.375403
2008-10-01,2,1.42048,1.9246,0.375403
2008-10-01,3,0.469187,1.9246,0.375403
2008-10-01,4,0.37691,1.9246,0.375403
2008-10-01,5,0.289538,1.9246,0.375403
2008-10-01,6,0.212424,1.9246,0.375403
2008-10-01,7,0.167156,1.9246,0.375403
2008-10-01,8,0.116775,1.9246,0.375403
2008-10-01,9,0.096081,1.9246,0.375403
2008-12-31,1,7.62972,1.9246,0.375403
2008-12-31,2,0.438207,1.9246,0.375403
2008-12-31,3,0.29592,1.9246,0.375403
2008-12-31,4,0.205488,1.9246,0.375403
2008-12-31,5,0.136051,1.9246,0.375403
2008-12-31,6,0.103771,1.9246,0.375403
2008-12-31,7,0.0788404,1.9246,0.375403
2008-12-31,8,0.0572028,1.9246,0.375403
2008-12-31,9,0.0548037,1.9246,0.375403
2009-04-02,1,7.04726,1.9246,0.375403
2009-04-02,2,0.598413,1.9246,0.375403
2009-04-02,3,0.412748,1.9246,0.375403
2009-04-02,4,0.27785,1.9246,0.375403
2009-04-02,5,0.223366,1.9246,0.375403
2009-04-02,6,0.15844,1.9246,0.375403
2009-04-02,7,0.125258,1.9246,0.375403
2009-04-02,8,0.0922846,1.9246,0.375403
2009-04-02,9,0.0643842,1.9246,0.375403
2009-07-02,1,6.12006,1.9246,0.375403
2009-07-02,2,1.07405,1.9246,0.375403
2009-07-02,3,0.586589,1.9246,0.375403
2009-07-02,4,0.412156,1.9246,0.375403
2009-07-02,5,0.273056,1.9246,0.375403
2009-07-02,6,0.195834,1.9246,0.375403
2009-07-02,7,0.149787,1.9246,0.375403
2009-07-02,8,0.122062,1.9246,0.375403
2009-07-02,9,0.0664018,1.9246,0.375403
2009-10-01,1,6.20614,1.9246,0.375403
2009-10-01,2,0.939109,1.9246,0.375403
2009-10-01,3,0.53067,1.9246,0.375403
2009-10-01,4,0.383535,1.9246,0.375403
2009-10-01,5,0.307693,1.9246,0.375403
2009-10-01,6,0.251006,1.9246,0.375403
2009-10-01,7,0.165568,1.9246,0.375403
2009-10-01,8,0.121961,1.9246,0.375403
2009-10-01,9,0.0943193,1.9246,0.375403
2009-12-31,1,6.9785,1.9246,0.375403
2009-12-31,2,0.529532,1.9246,0.375403
2009-12-31,3,0.364366,1.9246,0.375403
2009-12-31,4,0.290256,1.9246,0.375403
2009-12-31,5,0.224012,1.9246,0.375403
2009-12-31,6,0.199466,1.9246,0.375403
2009-12-31,7,0.166822,1.9246,0.375403
2009-12-31,8,0.136317,1.9246,0.375403
2009-12-31,9,0.110732,1.9246,0.375403
2010-04-05,1,6.97646,1.9246,0.375403
2010-04-05,2,0.492289,1.9246,0.375403
2010-04-05,3,0.44848,1.9246,0.375403
2010-04-05,4,0.278299,1.9246,0.375403
2010-04-05,5,0.228209,1.9246,0.375403
2010-04-05,6,0.201706,1.9246,0.375403
2010-04-05,7,0.141819,1.9246,0.375403
2010-04-05,8,0.120064,1.9246,0.375403
2010-04-05,9,0.112679,1.9246,0.375403
2010-07-02,1,7.90439,1.9246,0.375403
2010-07-02,2,0.323867,1.9246,0.375403
2010-07-02,3,0.248333,1.9246,0.375403
2010-07-02,4,0.190472,1.9246,0.375403
2010-07-02,5,0.131148,1.9246,0.375403
2010-07-02,6,0.0785815,1.9246,0.375403
2010-07-02,7,0.0486677,1.9246,0.375403
2010-07-02,8,0.0447187,1.9246,0.375403
2010-07-02,9,0.0298187,1.9246,0.375403
2010-10-01,1,7.52853,1.9246,0.375403
2010-10-01,2,0.470975,1.9246,0.375403
2010-10-01,3,0.292739,1.9246,0.375403
2010-10-01,4,0.201423,1.9246,0.375403
2010-10-01,5,0.187655,1.9246,0.375403
2010-10-01,6,0.115514,1.9246,0.375403
2010-10-01,7,0.0897636,1.9246,0.375403
2010-10-01,8,0.0622426,1.9246,0.375403
2010-10-01,9,0.0511564,1.9246,0.375403
2010-12-31,1,6.71059,1.9246,0.375403
2010-12-31,2,0.631993,1.9246,0.375403
2010-12-31,3,0.466258,1.9246,0.375403
2010-12-31,4,0.381528,1.9246,0.375403
2010-12-31,5,0.296659,1.9246,0.375403
2010-12-31,6,0.156221,1.9246,0.375403
2010-12-31,7,0.147091,1.9246,0.375403
2010-12-31,8,0.115301,1.9246,0.375403
2010-12-31,9,0.0943546,1.9246,0.375403
2011-04-01,1,6.65039,1.9246,0.375403
2011-04-01,2,0.911249,1.9246,0.375403
2011-04-01,3,0.466379,1.9246,0.375403
2011-04-01,4,0.263014,1.9246,0.375403
2011-04-01,5,0.250261,1.9246,0.375403
2011-04-01,6,0.155919,1.9246,0.375403
2011-04-01,7,0.125934,1.9246,0.375403
2011-04-01,8,0.0942486,1.9246,0.375403
2011-04-01,9,0.0826088,1.9246,0.375403
2011-07-01,1,6.55325,1.9246,0.375403
2011-07-01,2,0.939984,1.9246,0.375403
2011-07-01,3,0.415784,1.9246,0.375403
2011-07-01,4,0.377183,1.9246,0.375403
2011-07-01,5,0.257884,1.9246,0.375403
2011-07-01,6,0.174559,1.9246,0.375403
2011-07-01,7,0.129043,1.9246,0.375403
2011-07-01,8,0.0925777,1.9246,0.375403
2011-07-01,9,0.0597317,1.9246,0.375403
2011-09-30,1,8.3323,1.9246,0.375403
2011-09-30,2,0.228152,1.9246,0.375403
2011-09-30,3,0.126552,1.9246,0.375403
2011-09-30,4,0.0946484,1.9246,0.375403
2011-09-30,5,0.0916947,1.9246,0.375403
2011-09-30,6,0.0523504,1.9246,0.375403
2011-09-30,7,0.0366232,1.9246,0.375403
2011-09-30,8,0.0204826,1.9246,0.375403
2011-09-30,9,0.0171939,1.9246,0.375403
2011-12-30,1,8.06269,1.9246,0.375403
2011-12-30,2,0.385883,1.9246,0.375403
2011-12-30,3,0.150551,1.9246,0.375403
2011-12-30,4,0.113369,1.9246,0.375403
2011-12-30,5,0.106455,1.9246,0.375403
2011-12-30,6,0.0716562,1.9246,0.375403
2011-12-30,7,0.0606756,1.9246,0.375403
2011-12-30,8,0.0273819,1.9246,0.375403
2011-12-30,9,0.0213401,1.9246,0.375403
2012-04-02,1,5.76655,1.9246,0.375403
2012-04-02,2,1.19144,1.9246,0.375403
2012-04-02,3,0.521331,1.9246,0.375403
2012-04-02,4,0.410534,1.9246,0.375403
2012-04-02,5,0.313365,1.9246,0.375403
2012-04-02,6,0.256756,1.9246,0.375403
2012-04-02,7,0.238192,1.9246,0.375403
2012-04-02,8,0.184274,1.9246,0.375403
2012-04-02,9,0.117559,1.9246,0.375403
2012-07-02,1,7.21569,1.9246,0.375403
2012-07-02,2,0.685925,1.9246,0.375403
2012-07-02,3,0.354049,1.9246,0.375403
2012-07-02,4,0.197248,1.9246,0.375403
2012-07-02,5,0.16928,1.9246,0.375403
2012-07-02,6,0.12563,1.9246,0.375403
2012-07-02,7,0.115775,1.9246,0.375403
2012-07-02,8,0.081167,1.9246,0.375403
2012-07-02,9,0.0552306,1.9246,0.375403
2012-10-01,1,6.46966,1.9246,0.375403
2012-10-01,2,1.06921,1.9246,0.375403
2012-10-01,3,0.406925,1.9246,0.375403
2012-10-01,4,0.286213,1.9246,0.375403
2012-10-01,5,0.235716,1.9246,0.375403
2012-10-01,6,0.193112,1.9246,0.375403
2012-10-01,7,0.13745,1.9246,0.375403
2012-10-01,8,0.119892,1.9246,0.375403
2012-10-01,9,0.0818216,1.9246,0.375403
2013-01-03,1,7.07919,1.9246,0.375403
2013-01-03,2,0.703846,1.9246,0.375403
2013-01-03,3,0.283703,1.9246,0.375403
2013-01-03,4,0.232085,1.9246,0.375403
2013-01-03,5,0.178713,1.9246,0.375403
2013-01-03,6,0.165412,1.9246,0.375403
2013-01-03,7,0.138292,1.9246,0.375403
2013-01-03,8,0.117009,1.9246,0.375403
2013-01-03,9,0.101752,1.9246,0.375403
2013-04-05,1,6.40562,1.9246,0.375403
2013-04-05,2,0.660726,1.9246,0.375403
2013-04-05,3,0.54096,1.9246,0.375403
2013-04-05,4,0.390946,1.9246,0.375403
2013-04-05,5,0.313232,1.9246,0.375403
2013-04-05,6,0.242124,1.9246,0.375403
2013-04-05,7,0.195402,1.9246,0.375403
2013-04-05,8,0.132818,1.9246,0.375403
2013-04-05,9,0.118166,1.9246,0.375403
2013-07-05,1,6.99706,1.9246,0.375403
2013-07-05,2,0.874954,1.9246,0.375403
2013-07-05,3,0.371937,1.9246,0.375403
2013-07-05,4,0.219927,1.9246,0.375403
2013-07-05,5,0.178576,1.9246,0.375403
2013-07-05,6,0.105443,1.9246,0.375403
2013-07-05,7,0.10112,1.9246,0.375403
2013-07-05,8,0.0905958,1.9246,0.375403
2013-07-05,9,0.0603859,1.9246,0.375403
2013-10-03,1,6.08239,1.9246,0.375403
2013-10-03,2,0.755042,1.9246,0.375403
2013-10-03,3,0.717722,1.9246,0.375403
2013-10-03,4,0.419927,1.9246,0.375403
2013-10-03,5,0.335168,1.9246,0.375403
2013-10-03,6,0.222129,1.9246,0.375403
2013-10-03,7,0.173236,1.9246,0.375403
2013-10-03,8,0.163842,1.9246,0.375403
2013-10-03,9,0.130547,1.9246,0.375403
2014-01-03,1,6.5557,1.9246,0.375403
2014-01-03,2,0.790293,1.9246,0.375403
2014-01-03,3,0.477494,1.9246,0.375403
2014-01-03,4,0.368443,1.9246,0.375403
2014-01-03,5,0.289693,1.9246,0.375403
2014-01-03,6,0.178504,1.9246,0.375403
2014-01-03,7,0.151788,1.9246,0.375403
2014-01-03,8,0.117101,1.9246,0.375403
2014-01-03,9,0.0709838,1.9246,0.375403
2014-04-04,1,6.58418,1.9246,0.375403
2014-04-04,2,0.818837,1.9246,0.375403
2014-04-04,3,0.390798,1.9246,0.375403
2014-04-04,4,0.304317,1.9246,0.375403
2014-04-04,5,0.27095,1.9246,0.375403
2014-04-04,6,0.208051,1.9246,0.375403
2014-04-04,7,0.178182,1.9246,0.375403
2014-04-04,8,0.149327,1.9246,0.375403
2014-04-04,9,0.0953604,1.9246,0.375403
2014-07-07,1,5.73117,1.9246,0.375403
2014-07-07,2,1.14614,1.9246,0.375403
2014-07-07,3,0.698142,1.9246,0.375403
2014-07-07,4,0.45608,1.9246,0.375403
2014-07-07,5,0.371439,1.9246,0.375403
2014-07-07,6,0.212897,1.9246,0.375403
2014-07-07,7,0.178388,1.9246,0.375403
2014-07-07,8,0.117766,1.9246,0.375403
2014-07-07,9,0.0879798,1.9246,0.375403
2014-10-03,1,6.26951,1.9246,0.375403
2014-10-03,2,0.913028,1.9246,0.375403
2014-10-03,3,0.469801,1.9246,0.375403
2014-10-03,4,0.445023,1.9246,0.375403
2014-10-03,5,0.260426,1.9246,0.375403
2014-10-03,6,0.194307,1.9246,0.375403
2014-10-03,7,0.177308,1.9246,0.375403
2014-10-03,8,0.157906,1.9246,0.375403
2014-10-03,9,0.112693,1.9246,0.375403
2015-01-05,1,6.03995,1.9246,0.375403
2015-01-05,2,1.18637,1.9246,0.375403
2015-01-05,3,0.617477,1.9246,0.375403
2015-01-05,4,0.34358,1.9246,0.375403
2015-01-05,5,0.238493,1.9246,0.375403
2015-01-05,6,0.200856,1.9246,0.375403
2015-01-05,7,0.156146,1.9246,0.375403
2015-01-05,8,0.121124,1.9246,0.375403
2015-01-05,9,0.0959998,1.9246,0.375403
2015-04-07,1,6.37514,1.9246,0.375403
2015-04-07,2,0.868269,1.9246,0.375403
2015-04-07,3,0.716062,1.9246,0.375403
2015-04-07,4,0.26708,1.9246,0.375403
2015-04-07,5,0.251605,1.9246,0.375403
2015-04-07,6,0.186191,1.9246,0.375403
2015-04-07,7,0.155797,1.9246,0.375403
2015-04-07,8,0.10414,1.9246,0.375403
2015-04-07,9,0.0757138,1.9246,0.375403
2015-07-07,1,6.28253,1.9246,0.375403
2015-07-07,2,0.846501,1.9246,0.375403
2015-07-07,3,0.640702,1.9246,0.375403
2015-07-07,4,0.32938,1.9246,0.375403
2015-07-07,5,0.252466,1.9246,0.375403
2015-07-07,6,0.194399,1.9246,0.375403
2015-07-07,7,0.183772,1.9246,0.375403
2015-07-07,8,0.156287,1.9246,0.375403
2015-07-07,9,0.113963,1.9246,0.375403
2015-10-05,1,7.43259,1.9246,0.375403
2015-10-05,2,0.569741,1.9246,0.375403
2015-10-05,3,0.388041,1.9246,0.375403
2015-10-05,4,0.225197,1.9246,0.375403
2015-10-05,5,0.110466,1.9246,0.375403
2015-10-05,6,0.104065,1.9246,0.375403
2015-10-05,7,0.0827789,1.9246,0.375403
2015-10-05,8,0.0534649,1.9246,0.375403
2015-10-05,9,0.0336569,1.9246,0.375403
2016-01-05,1,5.91834,1.9246,0.375403
2016-01-05,2,0.946702,1.9246,0.375403
2016-01-05,3,0.866302,1.9246,0.375403
2016-01-05,4,0.433942,1.9246,0.375403
2016-01-05,5,0.262786,1.9246,0.375403
2016-01-05,6,0.214931,1.9246,0.375403
2016-01-05,7,0.138313,1.9246,0.375403
2016-01-05,8,0.126057,1.9246,0.375403
2016-01-05,9,0.0926284,1.9246,0.375403
2016-04-06,1,6.1952,1.9246,0.375403
2016-04-06,2,1.01988,1.9246,0.375403
2016-04-06,3,0.618554,1.9246,0.375403
2016-04-06,4,0.39226,1.9246,0.375403
2016-04-06,5,0.340165,1.9246,0.375403
2016-04-06,6,0.183051,1.9246,0.375403
2016-04-06,7,0.104202,1.9246,0.375403
2016-04-06,8,0.0785676,1.9246,0.375403
2016-04-06,9,0.0681225,1.9246,0.375403
2016-07-06,1,5.85906,1.9246,0.375403
2016-07-06,2,1.53724,1.9246,0.375403
2016-07-06,3,0.648387,1.9246,0.375403
2016-07-06,4,0.266901,1.9246,0.375403
2016-07-06,5,0.209133,1.9246,0.375403
2016-07-06,6,0.150088,1.9246,0.375403
2016-07-06,7,0.141432,1.9246,0.375403
2016-07-06,8,0.124276,1.9246,0.375403
2016-07-06,9,0.0634773,1.9246,0.375403
2016-10-04,1,5.8992,1.9246,0.375403
2016-10-04,2,1.06896,1.9246,0.375403
2016-10-04,3,0.806413,1.9246,0.375403
2016-10-04,4,0.338572,1.9246,0.375403
2016-10-04,5,0.28435,1.9246,0.375403
2016-10-04,6,0.216767,1.9246,0.375403
2016-10-04,7,0.180628,1.9246,0.375403
2016-10-04,8,0.124,1.9246,0.375403
2016-10-04,9,0.0811073,1.9246,0.375403
2017-01-04,1,3.88014,1.9246,0.375403
2017-01-04,2,2.54868,1.9246,0.375403
2017-01-04,3,0.779259,1.9246,0.375403
2017-01-04,4,0.672191,1.9246,0.375403
2017-01-04,5,0.455323,1.9246,0.375403
2017-01-04,6,0.233736,1.9246,0.375403
2017-01-04,7,0.193688,1.9246,0.375403
2017-01-04,8,0.124036,1.9246,0.375403
2017-01-04,9,0.112953,1.9246,0.375403
2017-04-05,1,4.37244,1.9246,0.375403
2017-04-05,2,1.69093,1.9246,0.375403
2017-04-05,3,0.900619,1.9246,0.375403
2017-04-05,4,0.557846,1.9246,0.375403
2017-04-05,5,0.466208,1.9246,0.375403
2017-04-05,6,0.403239,1.9246,0.375403
2017-04-05,7,0.277926,1.9246,0.375403
2017-04-05,8,0.196241,1.9246,0.375403
2017-04-05,9,0.134551,1.9246,0.375403
2017-07-06,1,4.23253,1.9246,0.375403
2017-07-06,2,1.61347,1.9246,0.375403
2017-07-06,3,1.16359,1.9246,0.375403
2017-07-06,4,0.560235,1.9246,0.375403
2017-07-06,5,0.465942,1.9246,0.375403
2017-07-06,6,0.330149,1.9246,0.375403
2017-07-06,7,0.247623,1.9246,0.375403
2017-07-06,8,0.211274,1.9246,0.375403
2017-07-06,9,0.175184,1.9246,0.375403
2017-10-04,1,4.19075,1.9246,0.375403
2017-10-04,2,1.3969,1.9246,0.375403
2017-10-04,3,1.15355,1.9246,0.375403
2017-10-04,4,0.576183,1.9246,0.375403
2017-10-04,5,0.557178,1.9246,0.375403
2017-10-04,6,0.386221,1.9246,0.375403
2017-10-04,7,0.270832,1.9246,0.375403
2017-10-04,8,0.261366,1.9246,0.375403
2017-10-04,9,0.207019,1.9246,0.375403
2018-01-04,1,3.14595,1.9246,0.375403
2018-01-04,2,1.59962,1.9246,0.375403
2018-01-04,3,1.23426,1.9246,0.375403
2018-01-04,4,0.773168,1.9246,0.375403
2018-01-04,5,0.646097,1.9246,0.375403
2018-01-04,6,0.53376,1.9246,0.375403
2018-01-04,7,0.492959,1.9246,0.375403
2018-01-04,8,0.330398,1.9246,0.375403
2018-01-04,9,0.243784,1.9246,0.375403
2018-04-06,1,6.93479,1.9246,0.375403
2018-04-06,2,0.890126,1.9246,0.375403
2018-04-06,3,0.417014,1.9246,0.375403
2018-04-06,4,0.261182,1.9246,0.375403
2018-04-06,5,0.166692,1.9246,0.375403
2018-04-06,6,0.125904,1.9246,0.375403
2018-04-06,7,0.084849,1.9246,0.375403
2018-04-06,8,0.0724661,1.9246,0.375403
2018-04-06,9,0.0469731,1.9246,0.375403
2018-07-06,1,4.60966,1.9246,0.375403
2018-07-06,2,1.50276,1.9246,0.375403
2018-07-06,3,0.901074,1.9246,0.375403
2018-07-06,4,0.626078,1.9246,0.375403
2018-07-06,5,0.507965,1.9246,0.375403
2018-07-06,6,0.356152,1.9246,0.375403
2018-07-06,7,0.226293,1.9246,0.375403
2018-07-06,8,0.166424,1.9246,0.375403
2018-07-06,9,0.103591,1.9246,0.375403
2018-10-04,1,3.41404,1.9246,0.375403
2018-10-04,2,1.88038,1.9246,0.375403
2018-10-04,3,1.14623,1.9246,0.375403
2018-10-04,4,0.853798,1.9246,0.375403
2018-10-04,5,0.478061,1.9246,0.375403
2018-10-04,6,0.418633,1.9246,0.375403
2018-10-04,7,0.382351,1.9246,0.375403
2018-10-04,8,0.267616,1.9246,0.375403
2018-10-04,9,0.158882,1.9246,0.375403
2019-01-07,1,6.63862,1.9246,0.375403
2019-01-07,2,1.23777,1.9246,0.375403
2019-01-07,3,0.3439,1.9246,0.375403
2019-01-07,4,0.213565,1.9246,0.375403
2019-01-07,5,0.186994,1.9246,0.375403
2019-01-07,6,0.13961,1.9246,0.375403
2019-01-07,7,0.134451,1.9246,0.375403
2019-01-07,8,0.0603409,1.9246,0.375403
2019-01-07,9,0.0447491,1.9246,0.375403
2019-04-08,1,5.06779,1.9246,0.375403
2019-04-08,2,1.54641,1.9246,0.375403
2019-04-08,3,0.535735,1.9246,0.375403
2019-04-08,4,0.454028,1.9246,0.375403
2019-04-08,5,0.400844,1.9246,0.375403
2019-04-08,6,0.35201,1.9246,0.375403
2019-04-08,7,0.275482,1.9246,0.375403
2019-04-08,8,0.209087,1.9246,0.375403
2019-04-08,9,0.158606,1.9246,0.375403
2019-07-09,1,5.14983,1.9246,0.375403
2019-07-09,2,1.56648,1.9246,0.375403
2019-07-09,3,0.724683,1.9246,0.375403
2019-07-09,4,0.497243,1.9246,0.375403
2019-07-09,5,0.365535,1.9246,0.375403
2019-07-09,6,0.27151,1.9246,0.375403
2019-07-09,7,0.210007,1.9246,0.375403
2019-07-09,8,0.123532,1.9246,0.375403
2019-07-09,9,0.0911838,1.9246,0.375403
2019-10-07,1,6.46252,1.9246,0.375403
2019-10-07,2,1.16965,1.9246,0.375403
2019-10-07,3,0.416334,1.9246,0.375403
2019-10-07,4,0.26852,1.9246,0.375403
2019-10-07,5,0.238257,1.9246,0.375403
2019-10-07,6,0.160762,1.9246,0.375403
2019-10-07,7,0.148805,1.9246,0.375403
2019-10-07,8,0.0776126,1.9246,0.375403
2019-10-07,9,0.057549,1.9246,0.375403
2020-01-07,1,4.17317,1.9246,0.375403
2020-01-07,2,1.79078,1.9246,0.375403
2020-01-07,3,0.762779,1.9246,0.375403
2020-01-07,4,0.674128,1.9246,0.375403
2020-01-07,5,0.520868,1.9246,0.375403
2020-01-07,6,0.33253,1.9246,0.375403
2020-01-07,7,0.299924,1.9246,0.375403
2020-01-07,8,0.256762,1.9246,0.375403
2020-01-07,9,0.189062,1.9246,0.375403
2020-04-07,1,8.12708,1.9246,0.375403
2020-04-07,2,0.479448,1.9246,0.375403
2020-04-07,3,0.147015,1.9246,0.375403
2020-04-07,4,0.0910144,1.9246,0.375403
2020-04-07,5,0.0512605,1.9246,0.375403
2020-04-07,6,0.0349883,1.9246,0.375403
2020-04-07,7,0.0274493,1.9246,0.375403
2020-04-07,8,0.0227254,1.9246,0.375403
2020-04-07,9,0.0190155,1.9246,0.375403
2020-07-08,1,6.95798,1.9246,0.375403
2020-07-08,2,0.792798,1.9246,0.375403
2020-07-08,3,0.50844,1.9246,0.375403
2020-07-08,4,0.228375,1.9246,0.375403
2020-07-08,5,0.175247,1.9246,0.375403
2020-07-08,6,0.138208,1.9246,0.375403
2020-07-08,7,0.108914,1.9246,0.375403
2020-07-08,8,0.0556125,1.9246,0.375403
2020-07-08,9,0.0344206,1.9246,0.375403
2020-10-06,1,5.48528,1.9246,0.375403
2020-10-06,2,1.28618,1.9246,0.375403
2020-10-06,3,0.861674,1.9246,0.375403
2020-10-06,4,0.384871,1.9246,0.375403
2020-10-06,5,0.307389,1.9246,0.375403
2020-10-06,6,0.279746,1.9246,0.375403
2020-10-06,7,0.174238,1.9246,0.375403
2020-10-06,8,0.136987,1.9246,0.375403
2020-10-06,9,0.0836366,1.9246,0.375403
2021-01-06,1,5.44996,1.9246,0.375403
2021-01-06,2,1.51026,1.9246,0.375403
2021-01-06,3,0.601437,1.9246,0.375403
2021-01-06,4,0.487558,1.9246,0.375403
2021-01-06,5,0.350529,1.9246,0.375403
2021-01-06,6,0.240258,1.9246,0.375403
2021-01-06,7,0.157252,1.9246,0.375403
2021-01-06,8,0.115588,1.9246,0.375403
2021-01-06,9,0.0871549,1.9246,0.375403
2021-04-08,1,4.95724,1.9246,0.375403
2021-04-08,2,1.72299,1.9246,0.375403
2021-04-08,3,0.90075,1.9246,0.375403
2021-04-08,4,0.419637,1.9246,0.375403
2021-04-08,5,0.367896,1.9246,0.375403
2021-04-08,6,0.273193,1.9246,0.375403
2021-04-08,7,0.194162,1.9246,0.375403
2021-04-08,8,0.098681,1.9246,0.375403
2021-04-08,9,0.0654468,1.9246,0.375403
2021-07-08,1,4.46449,1.9246,0.375403
2021-07-08,2,1.87358,1.9246,0.375403
2021-07-08,3,1.14861,1.9246,0.375403
2021-07-08,4,0.449107,1.9246,0.375403
2021-07-08,5,0.35089,1.9246,0.375403
2021-07-08,6,0.270185,1.9246,0.375403
2021-07-08,7,0.191936,1.9246,0.375403
2021-07-08,8,0.153593,1.9246,0.375403
2021-07-08,9,0.0975993,1.9246,0.375403
2021-10-06,1,4.96774,1.9246,0.375403
2021-10-06,2,1.80516,1.9246,0.375403
2021-10-06,3,0.832897,1.9246,0.375403
2021-10-06,4,0.45842,1.9246,0.375403
2021-10-06,5,0.294485,1.9246,0.375403
2021-10-06,6,0.248676,1.9246,0.375403
2021-10-06,7,0.170231,1.9246,0.375403
2021-10-06,8,0.132268,1.9246,0.375403
2021-10-06,9,0.0901223,1.9246,0.375403
2022-01-05,1,4.96129,1.9246,0.375403
2022-01-05,2,1.51811,1.9246,0.375403
2022-01-05,3,1.02638,1.9246,0.375403
2022-01-05,4,0.526793,1.9246,0.375403
2022-01-05,5,0.315362,1.9246,0.375403
2022-01-05,6,0.219733,1.9246,0.375403
2022-01-05,7,0.215588,1.9246,0.375403
2022-01-05,8,0.125031,1.9246,0.375403
2022-01-05,9,0.0917132,1.9246,0.375403
2022-04-06,1,5.3339,1.9246,0.375403
2022-04-06,2,1.30025,1.9246,0.375403
2022-04-06,3,1.06549,1.9246,0.375403
2022-04-06,4,0.504934,1.9246,0.375403
2022-04-06,5,0.234064,1.9246,0.375403
2022-04-06,6,0.212376,1.9246,0.375403
2022-04-06,7,0.166873,1.9246,0.375403
2022-04-06,8,0.106615,1.9246,0.375403
2022-04-06,9,0.0755024,1.9246,0.375403
2022-07-08,1,6.69615,1.9246,0.375403
2022-07-08,2,0.79015,1.9246,0.375403
2022-07-08,3,0.688172,1.9246,0.375403
2022-07-08,4,0.283019,1.9246,0.375403
2022-07-08,5,0.22835,1.9246,0.375403
2022-07-08,6,0.142741,1.9246,0.375403
2022-07-08,7,0.0799228,1.9246,0.375403
2022-07-08,8,0.0554255,1.9246,0.375403
2022-07-08,9,0.0360696,1.9246,0.375403
2022-10-06,1,6.58273,1.9246,0.375403
2022-10-06,2,0.886565,1.9246,0.375403
2022-10-06,3,0.568538,1.9246,0.375403
2022-10-06,4,0.368955,1.9246,0.375403
2022-10-06,5,0.229187,1.9246,0.375403
2022-10-06,6,0.141298,1.9246,0.375403
2022-10-06,7,0.108542,1.9246,0.375403
2022-10-06,8,0.0711208,1.9246,0.375403
2022-10-06,9,0.0430648,1.9246,0.375403
2023-01-06,1,6.9291,1.9246,0.375403
2023-01-06,2,0.769386,1.9246,0.375403
2023-01-06,3,0.373826,1.9246,0.375403
2023-01-06,4,0.292163,1.9246,0.375403
2023-01-06,5,0.179697,1.9246,0.375403
2023-01-06,6,0.148698,1.9246,0.375403
2023-01-06,7,0.132272,1.9246,0.375403
2023-01-06,8,0.113115,1.9246,0.375403
2023-01-06,9,0.0617463,1.9246,0.375403
2023-04-10,1,5.29784,1.9246,0.375403
2023-04-10,2,1.35263,1.9246,0.375403
2023-04-10,3,1.04642,1.9246,0.375403
2023-04-10,4,0.405069,1.9246,0.375403
2023-04-10,5,0.277698,1.9246,0.375403
2023-04-10,6,0.215961,1.9246,0.375403
2023-04-10,7,0.162435,1.9246,0.375403
2023-04-10,8,0.138164,1.9246,0.375403
2023-04-10,9,0.103788,1.9246,0.375403
2023-07-11,1,4.91581,1.9246,0.375403
2023-07-11,2,1.38284,1.9246,0.375403
2023-07-11,3,1.06757,1.9246,0.375403
2023-07-11,4,0.440834,1.9246,0.375403
2023-07-11,5,0.364758,1.9246,0.375403
2023-07-11,6,0.312633,1.9246,0.375403
2023-07-11,7,0.226527,1.9246,0.375403
2023-07-11,8,0.192832,1.9246,0.375403
2023-07-11,9,0.0961984,1.9246,0.375403
2023-10-09,1,4.46787,1.9246,0.375403
2023-10-09,2,1.44542,1.9246,0.375403
2023-10-09,3,1.11897,1.9246,0.375403
2023-10-09,4,0.536585,1.9246,0.375403
2023-10-09,5,0.441945,1.9246,0.375403
2023-10-09,6,0.336545,1.9246,0.375403
2023-10-09,7,0.290315,1.9246,0.375403
2023-10-09,8,0.22047,1.9246,0.375403
2023-10-09,9,0.141872,1.9246,0.375403
2024-01-09,1,5.37629,1.9246,0.375403
2024-01-09,2,1.32149,1.9246,0.375403
2024-01-09,3,0.816305,1.9246,0.375403
2024-01-09,4,0.496386,1.9246,0.375403
2024-01-09,5,0.349025,1.9246,0.375403
2024-01-09,6,0.265972,1.9246,0.375403
2024-01-09,7,0.18955,1.9246,0.375403
2024-01-09,8,0.109273,1.9246,0.375403
2024-01-09,9,0.0757152,1.9246,0.375403
2024-04-10,1,4.66116,1.9246,0.375403
2024-04-10,2,1.53908,1.9246,0.375403
2024-04-10,3,0.897358,1.9246,0.375403
2024-04-10,4,0.491014,1.9246,0.375403
2024-04-10,5,0.411062,1.9246,0.375403
2024-04-10,6,0.361743,1.9246,0.375403
2024-04-10,7,0.272541,1.9246,0.375403
2024-04-10,8,0.200098,1.9246,0.375403
2024-04-10,9,0.165944,1.9246,0.375403
2024-07-11,1,4.23139,1.9246,0.375403
2024-07-11,2,1.54036,1.9246,0.375403
2024-07-11,3,0.892668,1.9246,0.375403
2024-07-11,4,0.575551,1.9246,0.375403
2024-07-11,5,0.543126,1.9246,0.375403
2024-07-11,6,0.388535,1.9246,0.375403
2024-07-11,7,0.377832,1.9246,0.375403
2024-07-11,8,0.26359,1.9246,0.375403
2024-07-11,9,0.186944,1.9246,0.375403
2024-10-09,1,4.7504,1.9246,0.375403
2024-10-09,2,1.62188,1.9246,0.375403
2024-10-09,3,0.967851,1.9246,0.375403
2024-10-09,4,0.660657,1.9246,0.375403
2024-10-09,5,0.319312,1.9246,0.375403
2024-10-09,6,0.272976,1.9246,0.375403
2024-10-09,7,0.190898,1.9246,0.375403
2024-10-09,8,0.130319,1.9246,0.375403
2024-10-09,9,0.0857115,1.9246,0.375403
2025-01-10,1,4.28194,1.9246,0.375403
2025-01-10,2,1.42942,1.9246,0.375403
2025-01-10,3,1.02125,1.9246,0.375403
2025-01-10,4,0.765524,1.9246,0.375403
2025-01-10,5,0.474705,1.9246,0.375403
2025-01-10,6,0.449143,1.9246,0.375403
2025-01-10,7,0.27988,1.9246,0.375403
2025-01-10,8,0.205643,1.9246,0.375403
2025-01-10,9,0.0924913,1.9246,0.375403
2025-04-11,1,6.67827,1.9246,0.375403
2025-04-11,2,1.02796,1.9246,0.375403
2025-04-11,3,0.496628,1.9246,0.375403
2025-04-11,4,0.269473,1.9246,0.375403
2025-04-11,5,0.193702,1.9246,0.375403
2025-04-11,6,0.135295,1.9246,0.375403
2025-04-11,7,0.0801748,1.9246,0.375403
2025-04-11,8,0.0707653,1.9246,0.375403
2025-04-11,9,0.047732,1.9246,0.375403
2025-07-15,1,5.29786,1.9246,0.375403
2025-07-15,2,1.3192,1.9246,0.375403
2025-07-15,3,0.846425,1.9246,0.375403
2025-07-15,4,0.590779,1.9246,0.375403
2025-07-15,5,0.365392,1.9246,0.375403
2025-07-15,6,0.212429,1.9246,0.375403
2025-07-15,7,0.14206,1.9246,0.375403
2025-07-15,8,0.123925,1.9246,0.375403
2025-07-15,9,0.10192,1.9246,0.375403
2025-10-13,1,3.74282,1.9246,0.375403
2025-10-13,2,1.52966,1.9246,0.375403
2025-10-13,3,1.00045,1.9246,0.375403
2025-10-13,4,0.79953,1.9246,0.375403
2025-10-13,5,0.629123,1.9246,0.375403
2025-10-13,6,0.446993,1.9246,0.375403
2025-10-13,7,0.345177,1.9246,0.375403
2025-10-13,8,0.316111,1.9246,0.375403
2025-10-13,9,0.190141,1.9246,0.375403
2026-01-13,1,3.835,1.9246,0.375403
2026-01-13,2,1.60523,1.9246,0.375403
2026-01-13,3,1.03325,1.9246,0.375403
2026-01-13,4,0.83035,1.9246,0.375403
2026-01-13,5,0.57728,1.9246,0.375403
2026-01-13,6,0.397236,1.9246,0.375403
2026-01-13,7,0.327551,1.9246,0.375403
2026-01-13,8,0.220722,1.9246,0.375403
2026-01-13,9,0.173378,1.9246,0.375403
2026-04-15,1,4.03762,1.9246,0.375403
2026-04-15,2,1.76253,1.9246,0.375403
2026-04-15,3,0.976064,1.9246,0.375403
2026-04-15,4,0.750402,1.9246,0.375403
2026-04-15,5,0.390966,1.9246,0.375403
2026-04-15,6,0.357354,1.9246,0.375403
2026-04-15,7,0.290065,1.9246,0.375403
2026-04-15,8,0.269423,1.9246,0.375403
2026-04-15,9,0.165571,1.9246,0.375403
2026-07-16,1,3.01318,1.9246,0.375403
2026-07-16,2,2.61788,1.9246,0.375403
2026-07-16,3,0.912634,1.9246,0.375403
2026-07-16,4,0.80496,1.9246,0.375403
2026-07-16,5,0.54454,1.9246,0.375403
2026-07-16,6,0.421648,1.9246,0.375403
2026-07-16,7,0.358669,1.9246,0.375403
2026-07-16,8,0.205081,1.9246,0.375403
2026-07-16,9,0.121401,1.9246,0.375403
