window_end_date,symbol,pc,loading
2005-04-01,xlf,1,0.34604
2005-04-01,xlf,2,0.240373
2005-04-01,xlf,3,-0.343536
2005-04-01,xlk,1,0.339419
2005-04-01,xlk,2,0.317403
2005-04-01,xlk,3,0.0642957
2005-04-01,xle,1,0.228399
2005-04-01,xle,2,-0.753718
2005-04-01,xle,3,0.0499525
2005-04-01,xlv,1,0.336281
2005-04-01,xlv,2,0.202915
2005-04-01,xlv,3,0.52837
2005-04-01,xly,1,0.364257
2005-04-01,xly,2,0.116375
2005-04-01,xly,3,-0.0752154
2005-04-01,xlp,1,0.33955
2005-04-01,xlp,2,0.224085
2005-04-01,xlp,3,0.103073
2005-04-01,xli,1,0.37654
2005-04-01,xli,2,-0.0900943
2005-04-01,xli,3,0.00258649
2005-04-01,xlu,1,0.324246
2005-04-01,xlu,2,-0.164344
2005-04-01,xlu,3,-0.670638
2005-04-01,xlb,1,0.32389
2005-04-01,xlb,2,-0.365141
2005-04-01,xlb,3,0.360743
2005-06-30,xlf,1,0.351644
2005-06-30,xlf,2,0.051951
2005-06-30,xlf,3,-0.21821
2005-06-30,xlk,1,0.332234
2005-06-30,xlk,2,0.107984
2005-06-30,xlk,3,0.541114
2005-06-30,xle,1,0.231785
2005-06-30,xle,2,-0.738267
2005-06-30,xle,3,0.026955
2005-06-30,xlv,1,0.289805
2005-06-30,xlv,2,0.432818
2005-06-30,xlv,3,-0.555052
2005-06-30,xly,1,0.370186
2005-06-30,xly,2,0.168988
2005-06-30,xly,3,0.289521
2005-06-30,xlp,1,0.356487
2005-06-30,xlp,2,0.22548
2005-06-30,xlp,3,-0.00531447
2005-06-30,xli,1,0.385965
2005-06-30,xli,2,0.0629573
2005-06-30,xli,3,0.128469
2005-06-30,xlu,1,0.299528
2005-06-30,xlu,2,-0.36875
2005-06-30,xlu,3,-0.485982
2005-06-30,xlb,1,0.35419
2005-06-30,xlb,2,-0.184205
2005-06-30,xlb,3,0.119324
2005-09-29,xlf,1,0.376152
2005-09-29,xlf,2,0.0204117
2005-09-29,xlf,3,-0.142932
2005-09-29,xlk,1,0.326636
2005-09-29,xlk,2,0.174777
2005-09-29,xlk,3,-0.0281211
2005-09-29,xle,1,0.0662087
2005-09-29,xle,2,-0.849683
2005-09-29,xle,3,0.26901
2005-09-29,xlv,1,0.361298
2005-09-29,xlv,2,0.0122389
2005-09-29,xlv,3,0.253364
2005-09-29,xly,1,0.371643
2005-09-29,xly,2,0.127683
2005-09-29,xly,3,0.176604
2005-09-29,xlp,1,0.364396
2005-09-29,xlp,2,0.136654
2005-09-29,xlp,3,-0.304242
2005-09-29,xli,1,0.375217
2005-09-29,xli,2,0.170959
2005-09-29,xli,3,0.208184
2005-09-29,xlu,1,0.286287
2005-09-29,xlu,2,-0.387415
2005-09-29,xlu,3,-0.732771
2005-09-29,xlb,1,0.351067
2005-09-29,xlb,2,-0.180637
2005-09-29,xlb,3,0.371717
2005-12-29,xlf,1,0.347028
2005-12-29,xlf,2,0.279067
2005-12-29,xlf,3,0.226255
2005-12-29,xlk,1,0.350182
2005-12-29,xlk,2,0.104823
2005-12-29,xlk,3,0.291096
2005-12-29,xle,1,0.2648
2005-12-29,xle,2,-0.755269
2005-12-29,xle,3,-0.0497799
2005-12-29,xlv,1,0.287147
2005-12-29,xlv,2,0.324604
2005-12-29,xlv,3,-0.683455
2005-12-29,xly,1,0.374778
2005-12-29,xly,2,0.172211
2005-12-29,xly,3,0.20103
2005-12-29,xlp,1,0.354912
2005-12-29,xlp,2,0.11051
2005-12-29,xlp,3,-0.229071
2005-12-29,xli,1,0.365767
2005-12-29,xli,2,0.1187
2005-12-29,xli,3,0.0341111
2005-12-29,xlu,1,0.308066
2005-12-29,xlu,2,-0.39164
2005-12-29,xlu,3,-0.365425
2005-12-29,xlb,1,0.330544
2005-12-29,xlb,2,-0.161229
2005-12-29,xlb,3,0.408531
2006-03-31,xlf,1,0.376011
2006-03-31,xlf,2,0.168406
2006-03-31,xlf,3,0.188792
2006-03-31,xlk,1,0.363237
2006-03-31,xlk,2,0.048723
2006-03-31,xlk,3,0.296089
2006-03-31,xle,1,0.0924774
2006-03-31,xle,2,-0.730213
2006-03-31,xle,3,0.114904
2006-03-31,xlv,1,0.361721
2006-03-31,xlv,2,0.185502
2006-03-31,xlv,3,-0.351836
2006-03-31,xly,1,0.399787
2006-03-31,xly,2,0.0338634
2006-03-31,xly,3,0.0652905
2006-03-31,xlp,1,0.333389
2006-03-31,xlp,2,0.265498
2006-03-31,xlp,3,-0.356647
2006-03-31,xli,1,0.393143
2006-03-31,xli,2,0.0775589
2006-03-31,xli,3,0.128834
2006-03-31,xlu,1,0.227751
2006-03-31,xlu,2,-0.471287
2006-03-31,xlu,3,-0.66047
2006-03-31,xlb,1,0.331466
2006-03-31,xlb,2,-0.319189
2006-03-31,xlb,3,0.394232
2006-06-30,xlf,1,0.355628
2006-06-30,xlf,2,0.21192
2006-06-30,xlf,3,-0.191232
2006-06-30,xlk,1,0.334255
2006-06-30,xlk,2,0.147495
2006-06-30,xlk,3,0.487988
2006-06-30,xle,1,0.284523
2006-06-30,xle,2,-0.68373
2006-06-30,xle,3,-0.236086
2006-06-30,xlv,1,0.317127
2006-06-30,xlv,2,0.326021
2006-06-30,xlv,3,-0.117905
2006-06-30,xly,1,0.361283
2006-06-30,xly,2,0.156023
2006-06-30,xly,3,0.272957
2006-06-30,xlp,1,0.336355
2006-06-30,xlp,2,0.249734
2006-06-30,xlp,3,0.0609442
2006-06-30,xli,1,0.361014
2006-06-30,xli,2,-0.171987
2006-06-30,xli,3,0.160649
2006-06-30,xlu,1,0.301327
2006-06-30,xlu,2,0.1565
2006-06-30,xlu,3,-0.727125
2006-06-30,xlb,1,0.339839
2006-06-30,xlb,2,-0.467735
2006-06-30,xlb,3,0.151395
2006-09-29,xlf,1,0.404341
2006-09-29,xlf,2,0.0825453
2006-09-29,xlf,3,0.0343855
2006-09-29,xlk,1,0.38396
2006-09-29,xlk,2,0.0274217
2006-09-29,xlk,3,0.205158
2006-09-29,xle,1,0.106479
2006-09-29,xle,2,-0.80599
2006-09-29,xle,3,-0.166919
2006-09-29,xlv,1,0.352394
2006-09-29,xlv,2,0.153313
2006-09-29,xlv,3,-0.285323
2006-09-29,xly,1,0.399677
2006-09-29,xly,2,0.110723
2006-09-29,xly,3,0.170934
2006-09-29,xlp,1,0.300163
2006-09-29,xlp,2,0.38456
2006-09-29,xlp,3,-0.217113
2006-09-29,xli,1,0.399199
2006-09-29,xli,2,-0.0687618
2006-09-29,xli,3,0.216881
2006-09-29,xlu,1,0.14411
2006-09-29,xlu,2,-0.0510678
2006-09-29,xlu,3,-0.835688
2006-09-29,xlb,1,0.351562
2006-09-29,xlb,2,-0.389651
2006-09-29,xlb,3,0.160277
2006-12-29,xlf,1,0.401936
2006-12-29,xlf,2,0.189481
2006-12-29,xlf,3,0.0130308
2006-12-29,xlk,1,0.417438
2006-12-29,xlk,2,-0.0583075
2006-12-29,xlk,3,0.0102074
2006-12-29,xle,1,0.136664
2006-12-29,xle,2,-0.665895
2006-12-29,xle,3,-0.0668772
2006-12-29,xlv,1,0.243119
2006-12-29,xlv,2,0.423547
2006-12-29,xlv,3,0.11084
2006-12-29,xly,1,0.409963
2006-12-29,xly,2,0.0530366
2006-12-29,xly,3,0.150317
2006-12-29,xlp,1,0.391939
2006-12-29,xlp,2,0.183859
2006-12-29,xlp,3,-0.211045
2006-12-29,xli,1,0.404024
2006-12-29,xli,2,0.0111682
2006-12-29,xli,3,0.17437
2006-12-29,xlu,1,0.207542
2006-12-29,xlu,2,-0.175607
2006-12-29,xlu,3,-0.846922
2006-12-29,xlb,1,0.241692
2006-12-29,xlb,2,-0.519913
2006-12-29,xlb,3,0.410062
2007-04-03,xlf,1,0.359011
2007-04-03,xlf,2,0.173165
2007-04-03,xlf,3,0.141467
2007-04-03,xlk,1,0.336344
2007-04-03,xlk,2,0.116135
2007-04-03,xlk,3,0.082384
2007-04-03,xle,1,0.245317
2007-04-03,xle,2,-0.886208
2007-04-03,xle,3,0.298356
2007-04-03,xlv,1,0.352675
2007-04-03,xlv,2,0.0445297
2007-04-03,xlv,3,-0.0463636
2007-04-03,xly,1,0.356675
2007-04-03,xly,2,0.178093
2007-04-03,xly,3,0.215995
2007-04-03,xlp,1,0.347366
2007-04-03,xlp,2,0.233678
2007-04-03,xlp,3,-0.147372
2007-04-03,xli,1,0.342199
2007-04-03,xli,2,0.157115
2007-04-03,xli,3,0.243206
2007-04-03,xlu,1,0.29481
2007-04-03,xlu,2,-0.222606
2007-04-03,xlu,3,-0.868002
2007-04-03,xlb,1,0.348612
2007-04-03,xlb,2,-0.0928352
2007-04-03,xlb,3,0.0329457
2007-07-03,xlf,1,0.349418
2007-07-03,xlf,2,0.0998234
2007-07-03,xlf,3,0.247959
2007-07-03,xlk,1,0.352454
2007-07-03,xlk,2,-0.0297872
2007-07-03,xlk,3,0.0680542
2007-07-03,xle,1,0.32363
2007-07-03,xle,2,-0.339863
2007-07-03,xle,3,-0.533173
2007-07-03,xlv,1,0.317118
2007-07-03,xlv,2,0.460116
2007-07-03,xlv,3,0.529663
2007-07-03,xly,1,0.352699
2007-07-03,xly,2,-0.148141
2007-07-03,xly,3,-0.00234185
2007-07-03,xlp,1,0.306881
2007-07-03,xlp,2,0.495555
2007-07-03,xlp,3,-0.391382
2007-07-03,xli,1,0.344457
2007-07-03,xli,2,-0.29751
2007-07-03,xli,3,0.232884
2007-07-03,xlu,1,0.315524
2007-07-03,xlu,2,0.305466
2007-07-03,xlu,3,-0.371026
2007-07-03,xlb,1,0.334072
2007-07-03,xlb,2,-0.461077
2007-07-03,xlb,3,0.15488
2007-10-02,xlf,1,0.320272
2007-10-02,xlf,2,0.512491
2007-10-02,xlf,3,-0.252212
2007-10-02,xlk,1,0.341076
2007-10-02,xlk,2,-0.187464
2007-10-02,xlk,3,0.256178
2007-10-02,xle,1,0.314662
2007-10-02,xle,2,-0.47365
2007-10-02,xle,3,-0.588015
2007-10-02,xlv,1,0.341061
2007-10-02,xlv,2,0.166833
2007-10-02,xlv,3,-0.0763523
2007-10-02,xly,1,0.345518
2007-10-02,xly,2,-0.0964976
2007-10-02,xly,3,0.242024
2007-10-02,xlp,1,0.320185
2007-10-02,xlp,2,0.54466
2007-10-02,xlp,3,0.170389
2007-10-02,xli,1,0.346974
2007-10-02,xli,2,-0.138102
2007-10-02,xli,3,0.414401
2007-10-02,xlu,1,0.327373
2007-10-02,xlu,2,0.0547402
2007-10-02,xlu,3,-0.461719
2007-10-02,xlb,1,0.341018
2007-10-02,xlb,2,-0.349281
2007-10-02,xlb,3,0.215986
2008-01-02,xlf,1,0.340655
2008-01-02,xlf,2,0.163189
2008-01-02,xlf,3,-0.391483
2008-01-02,xlk,1,0.322386
2008-01-02,xlk,2,0.375391
2008-01-02,xlk,3,0.306901
2008-01-02,xle,1,0.319373
2008-01-02,xle,2,-0.059706
2008-01-02,xle,3,0.658773
2008-01-02,xlv,1,0.34497
2008-01-02,xlv,2,0.0736969
2008-01-02,xlv,3,-0.233333
2008-01-02,xly,1,0.336529
2008-01-02,xly,2,0.269861
2008-01-02,xly,3,-0.410356
2008-01-02,xlp,1,0.327254
2008-01-02,xlp,2,-0.220318
2008-01-02,xlp,3,-0.0999121
2008-01-02,xli,1,0.36822
2008-01-02,xli,2,0.104044
2008-01-02,xli,3,0.0361675
2008-01-02,xlu,1,0.27251
2008-01-02,xlu,2,-0.830552
2008-01-02,xlu,3,-0.12068
2008-01-02,xlb,1,0.35892
2008-01-02,xlb,2,-0.0380592
2008-01-02,xlb,3,0.26435
2008-04-03,xlf,1,0.344465
2008-04-03,xlf,2,0.0879069
2008-04-03,xlf,3,-0.486533
2008-04-03,xlk,1,0.355634
2008-04-03,xlk,2,-0.184859
2008-04-03,xlk,3,-0.15388
2008-04-03,xle,1,0.329531
2008-04-03,xle,2,-0.370295
2008-04-03,xle,3,0.42661
2008-04-03,xlv,1,0.300459
2008-04-03,xlv,2,0.472085
2008-04-03,xlv,3,0.238241
2008-04-03,xly,1,0.345376
2008-04-03,xly,2,-0.00331037
2008-04-03,xly,3,-0.516624
2008-04-03,xlp,1,0.311907
2008-04-03,xlp,2,0.40919
2008-04-03,xlp,3,-0.00362105
2008-04-03,xli,1,0.37238
2008-04-03,xli,2,-0.279051
2008-04-03,xli,3,-0.0590515
2008-04-03,xlu,1,0.294584
2008-04-03,xlu,2,0.437232
2008-04-03,xlu,3,0.374627
2008-04-03,xlb,1,0.337616
2008-04-03,xlb,2,-0.402031
2008-04-03,xlb,3,0.300177
2008-07-02,xlf,1,0.351404
2008-07-02,xlf,2,0.260686
2008-07-02,xlf,3,0.275215
2008-07-02,xlk,1,0.383448
2008-07-02,xlk,2,0.140698
2008-07-02,xlk,3,0.278584
2008-07-02,xle,1,0.120967
2008-07-02,xle,2,-0.728014
2008-07-02,xle,3,0.0228597
2008-07-02,xlv,1,0.351548
2008-07-02,xlv,2,0.053193
2008-07-02,xlv,3,-0.317921
2008-07-02,xly,1,0.386315
2008-07-02,xly,2,0.262662
2008-07-02,xly,3,0.132353
2008-07-02,xlp,1,0.347862
2008-07-02,xlp,2,0.181835
2008-07-02,xlp,3,-0.311706
2008-07-02,xli,1,0.36685
2008-07-02,xli,2,-0.137287
2008-07-02,xli,3,0.299125
2008-07-02,xlu,1,0.318159
2008-07-02,xlu,2,-0.154474
2008-07-02,xlu,3,-0.691563
2008-07-02,xlb,1,0.291912
2008-07-02,xlb,2,-0.484404
2008-07-02,xlb,3,0.250276
2008-10-01,xlf,1,0.361673
2008-10-01,xlf,2,0.131893
2008-10-01,xlf,3,0.457055
2008-10-01,xlk,1,0.371241
2008-10-01,xlk,2,0.0436556
2008-10-01,xlk,3,0.109631
2008-10-01,xle,1,0.252676
2008-10-01,xle,2,-0.620444
2008-10-01,xle,3,0.070676
2008-10-01,xlv,1,0.326743
2008-10-01,xlv,2,0.265433
2008-10-01,xlv,3,-0.480528
2008-10-01,xly,1,0.35655
2008-10-01,xly,2,0.325495
2008-10-01,xly,3,0.0254715
2008-10-01,xlp,1,0.335742
2008-10-01,xlp,2,0.240825
2008-10-01,xlp,3,-0.117603
2008-10-01,xli,1,0.369375
2008-10-01,xli,2,0.152049
2008-10-01,xli,3,0.207454
2008-10-01,xlu,1,0.306785
2008-10-01,xlu,2,-0.349323
2008-10-01,xlu,3,-0.639642
2008-10-01,xlb,1,0.300602
2008-10-01,xlb,2,-0.464977
2008-10-01,xlb,3,0.276625
2008-12-31,xlf,1,0.320231
2008-12-31,xlf,2,0.587891
2008-12-31,xlf,3,-0.22841
2008-12-31,xlk,1,0.343618
2008-12-31,xlk,2,-0.0093104
2008-12-31,xlk,3,-0.116773
2008-12-31,xle,1,0.338026
2008-12-31,xle,2,-0.241523
2008-12-31,xle,3,0.161538
2008-12-31,xlv,1,0.323602
2008-12-31,xlv,2,-0.360926
2008-12-31,xlv,3,0.179744
2008-12-31,xly,1,0.332249
2008-12-31,xly,2,0.449592
2008-12-31,xly,3,0.143074
2008-12-31,xlp,1,0.329525
2008-12-31,xlp,2,0.0235553
2008-12-31,xlp,3,-0.618397
2008-12-31,xli,1,0.348895
2008-12-31,xli,2,0.0765253
2008-12-31,xli,3,0.257109
2008-12-31,xlu,1,0.326147
2008-12-31,xlu,2,-0.506871
2008-12-31,xlu,3,-0.346897
2008-12-31,xlb,1,0.336637
2008-12-31,xlb,2,-0.0152892
2008-12-31,xlb,3,0.535223
2009-04-02,xlf,1,0.32383
2009-04-02,xlf,2,-0.353902
2009-04-02,xlf,3,-0.247449
2009-04-02,xlk,1,0.352143
2009-04-02,xlk,2,-0.244328
2009-04-02,xlk,3,-0.000533441
2009-04-02,xle,1,0.34221
2009-04-02,xle,2,-0.224649
2009-04-02,xle,3,0.174262
2009-04-02,xlv,1,0.301944
2009-04-02,xlv,2,0.525804
2009-04-02,xlv,3,-0.522871
2009-04-02,xly,1,0.358762
2009-04-02,xly,2,-0.109837
2009-04-02,xly,3,-0.143398
2009-04-02,xlp,1,0.313712
2009-04-02,xlp,2,0.554154
2009-04-02,xlp,3,-0.0612394
2009-04-02,xli,1,0.353078
2009-04-02,xli,2,-0.102052
2009-04-02,xli,3,-0.0123926
2009-04-02,xlu,1,0.300275
2009-04-02,xlu,2,0.328445
2009-04-02,xlu,3,0.77934
2009-04-02,xlb,1,0.347702
2009-04-02,xlb,2,-0.225118
2009-04-02,xlb,3,0.0563107
2009-07-02,xlf,1,0.322963
2009-07-02,xlf,2,-0.26567
2009-07-02,xlf,3,0.364021
2009-07-02,xlk,1,0.346268
2009-07-02,xlk,2,-0.274128
2009-07-02,xlk,3,-0.262337
2009-07-02,xle,1,0.358601
2009-07-02,xle,2,-0.103902
2009-07-02,xle,3,-0.090483
2009-07-02,xlv,1,0.235448
2009-07-02,xlv,2,0.607885
2009-07-02,xlv,3,0.593764
2009-07-02,xly,1,0.36344
2009-07-02,xly,2,-0.160717
2009-07-02,xly,3,0.0696176
2009-07-02,xlp,1,0.325037
2009-07-02,xlp,2,0.421161
2009-07-02,xlp,3,-0.0443703
2009-07-02,xli,1,0.381983
2009-07-02,xli,2,-0.165884
2009-07-02,xli,3,0.0428984
2009-07-02,xlu,1,0.275692
2009-07-02,xlu,2,0.457969
2009-07-02,xlu,3,-0.653158
2009-07-02,xlb,1,0.363468
2009-07-02,xlb,2,-0.183011
2009-07-02,xlb,3,0.0515162
2009-10-01,xlf,1,0.322909
2009-10-01,xlf,2,-0.297222
2009-10-01,xlf,3,-0.367687
2009-10-01,xlk,1,0.354806
2009-10-01,xlk,2,-0.134867
2009-10-01,xlk,3,-0.284513
2009-10-01,xle,1,0.354826
2009-10-01,xle,2,-0.0438582
2009-10-01,xle,3,0.325022
2009-10-01,xlv,1,0.249673
2009-10-01,xlv,2,0.694029
2009-10-01,xlv,3,-0.0170935
2009-10-01,xly,1,0.368284
2009-10-01,xly,2,-0.148554
2009-10-01,xly,3,-0.0470194
2009-10-01,xlp,1,0.288393
2009-10-01,xlp,2,0.468314
2009-10-01,xlp,3,-0.497405
2009-10-01,xli,1,0.364452
2009-10-01,xli,2,-0.237884
2009-10-01,xli,3,0.00552435
2009-10-01,xlu,1,0.314917
2009-10-01,xlu,2,0.241666
2009-10-01,xlu,3,0.624562
2009-10-01,xlb,1,0.361666
2009-10-01,xlb,2,-0.231283
2009-10-01,xlb,3,0.19544
2009-12-31,xlf,1,0.322309
2009-12-31,xlf,2,-0.48618
2009-12-31,xlf,3,-0.0560949
2009-12-31,xlk,1,0.345847
2009-12-31,xlk,2,-0.161678
2009-12-31,xlk,3,0.00694856
2009-12-31,xle,1,0.337183
2009-12-31,xle,2,-0.00567125
2009-12-31,xle,3,0.119159
2009-12-31,xlv,1,0.322924
2009-12-31,xlv,2,0.381017
2009-12-31,xlv,3,-0.427667
2009-12-31,xly,1,0.348069
2009-12-31,xly,2,-0.0755427
2009-12-31,xly,3,0.278792
2009-12-31,xlp,1,0.322281
2009-12-31,xlp,2,0.247656
2009-12-31,xlp,3,-0.636966
2009-12-31,xli,1,0.349055
2009-12-31,xli,2,-0.253438
2009-12-31,xli,3,0.121911
2009-12-31,xlu,1,0.299434
2009-12-31,xlu,2,0.65024
2009-12-31,xlu,3,0.547212
2009-12-31,xlb,1,0.349309
2009-12-31,xlb,2,-0.19545
2009-12-31,xlb,3,0.0441946
2010-04-05,xlf,1,0.316474
2010-04-05,xlf,2,0.535006
2010-04-05,xlf,3,-0.0776323
2010-04-05,xlk,1,0.32152
2010-04-05,xlk,2,0.531962
2010-04-05,xlk,3,0.0950124
2010-04-05,xle,1,0.338521
2010-04-05,xle,2,-0.167681
2010-04-05,xle,3,0.485011
2010-04-05,xlv,1,0.328168
2010-04-05,xlv,2,-0.151271
2010-04-05,xlv,3,-0.511495
2010-04-05,xly,1,0.349281
2010-04-05,xly,2,0.235406
2010-04-05,xly,3,-0.110325
2010-04-05,xlp,1,0.327605
2010-04-05,xlp,2,-0.381045
2010-04-05,xlp,3,-0.441013
2010-04-05,xli,1,0.354376
2010-04-05,xli,2,-0.00767556
2010-04-05,xli,3,-0.0872966
2010-04-05,xlu,1,0.330235
2010-04-05,xlu,2,-0.376148
2010-04-05,xlu,3,0.131791
2010-04-05,xlb,1,0.331991
2010-04-05,xlb,2,-0.193978
2010-04-05,xlb,3,0.506389
2010-07-02,xlf,1,0.335552
2010-07-02,xlf,2,-0.308293
2010-07-02,xlf,3,0.0261221
2010-07-02,xlk,1,0.339988
2010-07-02,xlk,2,-0.0614276
2010-07-02,xlk,3,-0.312083
2010-07-02,xle,1,0.336304
2010-07-02,xle,2,-0.0701314
2010-07-02,xle,3,0.518828
2010-07-02,xlv,1,0.321114
2010-07-02,xlv,2,0.443402
2010-07-02,xlv,3,0.106286
2010-07-02,xly,1,0.339142
2010-07-02,xly,2,-0.303861
2010-07-02,xly,3,-0.301701
2010-07-02,xlp,1,0.317277
2010-07-02,xlp,2,0.507303
2010-07-02,xlp,3,-0.546926
2010-07-02,xli,1,0.34664
2010-07-02,xli,2,-0.200296
2010-07-02,xli,3,-0.0787782
2010-07-02,xlu,1,0.325283
2010-07-02,xlu,2,0.425228
2010-07-02,xlu,3,0.456757
2010-07-02,xlb,1,0.337562
2010-07-02,xlb,2,-0.359212
2010-07-02,xlb,3,0.128286
2010-10-01,xlf,1,0.346225
2010-10-01,xlf,2,-0.118696
2010-10-01,xlf,3,0.0591048
2010-10-01,xlk,1,0.33973
2010-10-01,xlk,2,-0.0610682
2010-10-01,xlk,3,0.0599082
2010-10-01,xle,1,0.338816
2010-10-01,xle,2,-0.0456951
2010-10-01,xle,3,-0.00597954
2010-10-01,xlv,1,0.314905
2010-10-01,xlv,2,0.25603
2010-10-01,xlv,3,-0.842692
2010-10-01,xly,1,0.348016
2010-10-01,xly,2,-0.253572
2010-10-01,xly,3,-0.0360181
2010-10-01,xlp,1,0.333213
2010-10-01,xlp,2,0.28166
2010-10-01,xlp,3,0.0128237
2010-10-01,xli,1,0.34816
2010-10-01,xli,2,-0.271123
2010-10-01,xli,3,0.026759
2010-10-01,xlu,1,0.298009
2010-10-01,xlu,2,0.731777
2010-10-01,xlu,3,0.452737
2010-10-01,xlb,1,0.329514
2010-10-01,xlb,2,-0.402375
2010-10-01,xlb,3,0.274961
2010-12-31,xlf,1,0.278784
2010-12-31,xlf,2,-0.759208
2010-12-31,xlf,3,0.238744
2010-12-31,xlk,1,0.336988
2010-12-31,xlk,2,0.0331831
2010-12-31,xlk,3,-0.356184
2010-12-31,xle,1,0.348857
2010-12-31,xle,2,-0.164724
2010-12-31,xle,3,-0.0491924
2010-12-31,xlv,1,0.343693
2010-12-31,xlv,2,0.33288
2010-12-31,xlv,3,-0.215273
2010-12-31,xly,1,0.347163
2010-12-31,xly,2,-0.0203782
2010-12-31,xly,3,-0.243856
2010-12-31,xlp,1,0.337987
2010-12-31,xlp,2,0.334368
2010-12-31,xlp,3,-0.158406
2010-12-31,xli,1,0.359272
2010-12-31,xli,2,-0.111873
2010-12-31,xli,3,0.0754792
2010-12-31,xlu,1,0.289538
2010-12-31,xlu,2,0.387396
2010-12-31,xlu,3,0.821261
2010-12-31,xlb,1,0.348176
2010-12-31,xlb,2,-0.0987469
2010-12-31,xlb,3,0.0514507
2011-04-01,xlf,1,0.343446
2011-04-01,xlf,2,0.0114076
2011-04-01,xlf,3,0.0990254
2011-04-01,xlk,1,0.363455
2011-04-01,xlk,2,-0.0259277
2011-04-01,xlk,3,0.245688
2011-04-01,xle,1,0.259147
2011-04-01,xle,2,-0.657414
2011-04-01,xle,3,-0.532747
2011-04-01,xlv,1,0.358768
2011-04-01,xlv,2,0.079892
2011-04-01,xlv,3,0.0186531
2011-04-01,xly,1,0.347431
2011-04-01,xly,2,0.202661
2011-04-01,xly,3,0.372107
2011-04-01,xlp,1,0.316427
2011-04-01,xlp,2,0.376543
2011-04-01,xlp,3,-0.213566
2011-04-01,xli,1,0.367515
2011-04-01,xli,2,-0.0617879
2011-04-01,xli,3,0.229824
2011-04-01,xlu,1,0.295183
2011-04-01,xlu,2,0.427293
2011-04-01,xlu,3,-0.624178
2011-04-01,xlb,1,0.333224
2011-04-01,xlb,2,-0.437457
2011-04-01,xlb,3,0.138467
2011-07-01,xlf,1,0.328056
2011-07-01,xlf,2,0.133125
2011-07-01,xlf,3,0.153378
2011-07-01,xlk,1,0.353964
2011-07-01,xlk,2,-0.0946958
2011-07-01,xlk,3,-0.327074
2011-07-01,xle,1,0.306571
2011-07-01,xle,2,-0.443138
2011-07-01,xle,3,0.510716
2011-07-01,xlv,1,0.345971
2011-07-01,xlv,2,0.164418
2011-07-01,xlv,3,-0.285174
2011-07-01,xly,1,0.357933
2011-07-01,xly,2,-0.0721325
2011-07-01,xly,3,-0.411961
2011-07-01,xlp,1,0.304615
2011-07-01,xlp,2,0.52193
2011-07-01,xlp,3,-0.0723626
2011-07-01,xli,1,0.364439
2011-07-01,xli,2,-0.183606
2011-07-01,xli,3,-0.117766
2011-07-01,xlu,1,0.29074
2011-07-01,xlu,2,0.506622
2011-07-01,xlu,3,0.555831
2011-07-01,xlb,1,0.339344
2011-07-01,xlb,2,-0.426515
2011-07-01,xlb,3,0.17198
2011-09-30,xlf,1,0.330615
2011-09-30,xlf,2,0.189869
2011-09-30,xlf,3,0.361756
2011-09-30,xlk,1,0.332291
2011-09-30,xlk,2,-0.37339
2011-09-30,xlk,3,0.108223
2011-09-30,xle,1,0.335231
2011-09-30,xle,2,-0.139087
2011-09-30,xle,3,0.3864
2011-09-30,xlv,1,0.33631
2011-09-30,xlv,2,0.0986991
2011-09-30,xlv,3,-0.503906
2011-09-30,xly,1,0.33896
2011-09-30,xly,2,-0.232282
2011-09-30,xly,3,-0.0978782
2011-09-30,xlp,1,0.33319
2011-09-30,xlp,2,0.112216
2011-09-30,xlp,3,-0.590155
2011-09-30,xli,1,0.34039
2011-09-30,xli,2,-0.155771
2011-09-30,xli,3,-0.0734097
2011-09-30,xlu,1,0.315491
2011-09-30,xlu,2,0.801693
2011-09-30,xlu,3,0.203005
2011-09-30,xlb,1,0.336872
2011-09-30,xlb,2,-0.248835
2011-09-30,xlb,3,0.223005
2011-12-30,xlf,1,0.332702
2011-12-30,xlf,2,-0.158664
2011-12-30,xlf,3,0.658853
2011-12-30,xlk,1,0.330021
2011-12-30,xlk,2,-0.347172
2011-12-30,xlk,3,-0.486742
2011-12-30,xle,1,0.337169
2011-12-30,xle,2,-0.157996
2011-12-30,xle,3,0.225268
2011-12-30,xlv,1,0.334894
2011-12-30,xlv,2,0.0904985
2011-12-30,xlv,3,-0.451753
2011-12-30,xly,1,0.337019
2011-12-30,xly,2,-0.158573
2011-12-30,xly,3,-0.182349
2011-12-30,xlp,1,0.325899
2011-12-30,xlp,2,0.508995
2011-12-30,xlp,3,-0.0835071
2011-12-30,xli,1,0.347283
2011-12-30,xli,2,-0.135698
2011-12-30,xli,3,0.0888703
2011-12-30,xlu,1,0.312033
2011-12-30,xlu,2,0.675074
2011-12-30,xlu,3,0.102179
2011-12-30,xlb,1,0.341755
2011-12-30,xlb,2,-0.250569
2011-12-30,xlb,3,0.124922
2012-04-02,xlf,1,0.34762
2012-04-02,xlf,2,-0.232732
2012-04-02,xlf,3,-0.191784
2012-04-02,xlk,1,0.36202
2012-04-02,xlk,2,-0.168008
2012-04-02,xlk,3,-0.0953668
2012-04-02,xle,1,0.312957
2012-04-02,xle,2,-0.0250125
2012-04-02,xle,3,0.872258
2012-04-02,xlv,1,0.355571
2012-04-02,xlv,2,0.0838274
2012-04-02,xlv,3,-0.30683
2012-04-02,xly,1,0.36301
2012-04-02,xly,2,-0.139854
2012-04-02,xly,3,-0.261065
2012-04-02,xlp,1,0.291554
2012-04-02,xlp,2,0.503951
2012-04-02,xlp,3,-0.111597
2012-04-02,xli,1,0.386919
2012-04-02,xli,2,-0.129898
2012-04-02,xli,3,0.0327994
2012-04-02,xlu,1,0.173289
2012-04-02,xlu,2,0.769263
2012-04-02,xlu,3,0.041331
2012-04-02,xlb,1,0.356671
2012-04-02,xlb,2,-0.166708
2012-04-02,xlb,3,0.125512
2012-07-02,xlf,1,0.344904
2012-07-02,xlf,2,-0.0741668
2012-07-02,xlf,3,0.255759
2012-07-02,xlk,1,0.332937
2012-07-02,xlk,2,-0.378788
2012-07-02,xlk,3,-0.116826
2012-07-02,xle,1,0.339132
2012-07-02,xle,2,-0.0565295
2012-07-02,xle,3,0.477022
2012-07-02,xlv,1,0.34533
2012-07-02,xlv,2,0.0502477
2012-07-02,xlv,3,-0.278386
2012-07-02,xly,1,0.342715
2012-07-02,xly,2,-0.199277
2012-07-02,xly,3,-0.250197
2012-07-02,xlp,1,0.321706
2012-07-02,xlp,2,0.31216
2012-07-02,xlp,3,-0.649049
2012-07-02,xli,1,0.353064
2012-07-02,xli,2,-0.0599409
2012-07-02,xli,3,0.0821701
2012-07-02,xlu,1,0.259915
2012-07-02,xlu,2,0.815637
2012-07-02,xlu,3,0.268553
2012-07-02,xlb,1,0.350389
2012-07-02,xlb,2,-0.198208
2012-07-02,xlb,3,0.23055
2012-10-01,xlf,1,0.354234
2012-10-01,xlf,2,-0.0855886
2012-10-01,xlf,3,0.162596
2012-10-01,xlk,1,0.354189
2012-10-01,xlk,2,-0.174784
2012-10-01,xlk,3,-0.271354
2012-10-01,xle,1,0.338307
2012-10-01,xle,2,-0.215296
2012-10-01,xle,3,0.4784
2012-10-01,xlv,1,0.319347
2012-10-01,xlv,2,0.259589
2012-10-01,xlv,3,-0.533853
2012-10-01,xly,1,0.3585
2012-10-01,xly,2,-0.122059
2012-10-01,xly,3,-0.214592
2012-10-01,xlp,1,0.299873
2012-10-01,xlp,2,0.542989
2012-10-01,xlp,3,-0.131007
2012-10-01,xli,1,0.357309
2012-10-01,xli,2,-0.244502
2012-10-01,xli,3,-0.143866
2012-10-01,xlu,1,0.264446
2012-10-01,xlu,2,0.610789
2012-10-01,xlu,3,0.489662
2012-10-01,xlb,1,0.341449
2012-10-01,xlb,2,-0.325278
2012-10-01,xlb,3,0.24977
2013-01-03,xlf,1,0.344153
2013-01-03,xlf,2,0.18411
2013-01-03,xlf,3,0.282336
2013-01-03,xlk,1,0.331858
2013-01-03,xlk,2,-0.284382
2013-01-03,xlk,3,-0.17532
2013-01-03,xle,1,0.345496
2013-01-03,xle,2,0.00852104
2013-01-03,xle,3,0.435388
2013-01-03,xlv,1,0.347101
2013-01-03,xlv,2,-0.110356
2013-01-03,xlv,3,-0.240654
2013-01-03,xly,1,0.34383
2013-01-03,xly,2,-0.115536
2013-01-03,xly,3,-0.397503
2013-01-03,xlp,1,0.340927
2013-01-03,xlp,2,-0.00994306
2013-01-03,xlp,3,-0.494147
2013-01-03,xli,1,0.356184
2013-01-03,xli,2,-0.0336032
2013-01-03,xli,3,0.171932
2013-01-03,xlu,1,0.242791
2013-01-03,xlu,2,0.883524
2013-01-03,xlu,3,-0.0568716
2013-01-03,xlb,1,0.333644
2013-01-03,xlb,2,-0.278905
2013-01-03,xlb,3,0.455068
2013-04-05,xlf,1,0.362151
2013-04-05,xlf,2,-0.0918801
2013-04-05,xlf,3,0.0263885
2013-04-05,xlk,1,0.304696
2013-04-05,xlk,2,-0.160865
2013-04-05,xlk,3,-0.603814
2013-04-05,xle,1,0.334748
2013-04-05,xle,2,-0.363522
2013-04-05,xle,3,-0.0757698
2013-04-05,xlv,1,0.334557
2013-04-05,xlv,2,0.330267
2013-04-05,xlv,3,-0.132257
2013-04-05,xly,1,0.353368
2013-04-05,xly,2,-0.0170432
2013-04-05,xly,3,0.0356373
2013-04-05,xlp,1,0.316744
2013-04-05,xlp,2,0.548835
2013-04-05,xlp,3,-0.350867
2013-04-05,xli,1,0.352065
2013-04-05,xli,2,-0.211702
2013-04-05,xli,3,0.16089
2013-04-05,xlu,1,0.293826
2013-04-05,xlu,2,0.466355
2013-04-05,xlu,3,0.597004
2013-04-05,xlb,1,0.341384
2013-04-05,xlb,2,-0.400801
2013-04-05,xlb,3,0.323731
2013-07-05,xlf,1,0.353192
2013-07-05,xlf,2,-0.135463
2013-07-05,xlf,3,-0.0561894
2013-07-05,xlk,1,0.333372
2013-07-05,xlk,2,-0.273471
2013-07-05,xlk,3,-0.0656667
2013-07-05,xle,1,0.331033
2013-07-05,xle,2,-0.373941
2013-07-05,xle,3,0.151386
2013-07-05,xlv,1,0.322302
2013-07-05,xlv,2,0.396546
2013-07-05,xlv,3,-0.453119
2013-07-05,xly,1,0.360538
2013-07-05,xly,2,0.0808655
2013-07-05,xly,3,-0.113791
2013-07-05,xlp,1,0.307026
2013-07-05,xlp,2,0.505092
2013-07-05,xlp,3,-0.265317
2013-07-05,xli,1,0.358475
2013-07-05,xli,2,-0.212885
2013-07-05,xli,3,-0.000397688
2013-07-05,xlu,1,0.282397
2013-07-05,xlu,2,0.461212
2013-07-05,xlu,3,0.821044
2013-07-05,xlb,1,0.343733
2013-07-05,xlb,2,-0.300148
2013-07-05,xlb,3,0.0827146
2013-10-03,xlf,1,0.358536
2013-10-03,xlf,2,0.283487
2013-10-03,xlf,3,0.0515196
2013-10-03,xlk,1,0.286617
2013-10-03,xlk,2,-0.0743081
2013-10-03,xlk,3,-0.739951
2013-10-03,xle,1,0.308475
2013-10-03,xle,2,0.0339146
2013-10-03,xle,3,0.64334
2013-10-03,xlv,1,0.338494
2013-10-03,xlv,2,0.291068
2013-10-03,xlv,3,-0.0564993
2013-10-03,xly,1,0.367759
2013-10-03,xly,2,0.244896
2013-10-03,xly,3,-0.0930532
2013-10-03,xlp,1,0.344812
2013-10-03,xlp,2,-0.203389
2013-10-03,xlp,3,-0.0699008
2013-10-03,xli,1,0.370896
2013-10-03,xli,2,0.133869
2013-10-03,xli,3,0.0420244
2013-10-03,xlu,1,0.260912
2013-10-03,xlu,2,-0.833447
2013-10-03,xlu,3,0.0703554
2013-10-03,xlb,1,0.346101
2013-10-03,xlb,2,-0.119779
2013-10-03,xlb,3,0.111706
2014-01-03,xlf,1,0.360318
2014-01-03,xlf,2,-0.0917521
2014-01-03,xlf,3,0.239633
2014-01-03,xlk,1,0.313554
2014-01-03,xlk,2,-0.234836
2014-01-03,xlk,3,-0.687523
2014-01-03,xle,1,0.332563
2014-01-03,xle,2,-0.180184
2014-01-03,xle,3,-0.216731
2014-01-03,xlv,1,0.341878
2014-01-03,xlv,2,-0.0382345
2014-01-03,xlv,3,0.599379
2014-01-03,xly,1,0.352244
2014-01-03,xly,2,-0.277159
2014-01-03,xly,3,0.0564202
2014-01-03,xlp,1,0.304693
2014-01-03,xlp,2,0.5315
2014-01-03,xlp,3,0.0491953
2014-01-03,xli,1,0.360869
2014-01-03,xli,2,-0.100949
2014-01-03,xli,3,-0.0331858
2014-01-03,xlu,1,0.270536
2014-01-03,xlu,2,0.719821
2014-01-03,xlu,3,-0.219596
2014-01-03,xlb,1,0.352201
2014-01-03,xlb,2,-0.12191
2014-01-03,xlb,3,0.0934528
2014-04-04,xlf,1,0.35487
2014-04-04,xlf,2,-0.188243
2014-04-04,xlf,3,0.0807428
2014-04-04,xlk,1,0.341812
2014-04-04,xlk,2,-0.154342
2014-04-04,xlk,3,0.385876
2014-04-04,xle,1,0.325943
2014-04-04,xle,2,0.0819574
2014-04-04,xle,3,-0.706074
2014-04-04,xlv,1,0.334499
2014-04-04,xlv,2,-0.0963967
2014-04-04,xlv,3,0.353642
2014-04-04,xly,1,0.354185
2014-04-04,xly,2,-0.201027
2014-04-04,xly,3,-0.0533412
2014-04-04,xlp,1,0.336013
2014-04-04,xlp,2,0.1646
2014-04-04,xlp,3,-0.349634
2014-04-04,xli,1,0.36988
2014-04-04,xli,2,-0.0633595
2014-04-04,xli,3,-0.0683975
2014-04-04,xlu,1,0.203251
2014-04-04,xlu,2,0.921387
2014-04-04,xlu,3,0.240039
2014-04-04,xlb,1,0.350186
2014-04-04,xlb,2,-0.0652678
2014-04-04,xlb,3,0.183278
2014-07-07,xlf,1,0.371314
2014-07-07,xlf,2,-0.0767271
2014-07-07,xlf,3,-0.0109697
2014-07-07,xlk,1,0.375155
2014-07-07,xlk,2,-0.124606
2014-07-07,xlk,3,-0.263685
2014-07-07,xle,1,0.279227
2014-07-07,xle,2,0.241214
2014-07-07,xle,3,0.779475
2014-07-07,xlv,1,0.347175
2014-07-07,xlv,2,-0.0470452
2014-07-07,xlv,3,-0.0794003
2014-07-07,xly,1,0.375213
2014-07-07,xly,2,-0.229405
2014-07-07,xly,3,-0.265449
2014-07-07,xlp,1,0.297577
2014-07-07,xlp,2,0.307308
2014-07-07,xlp,3,-0.376784
2014-07-07,xli,1,0.385698
2014-07-07,xli,2,-0.0604482
2014-07-07,xli,3,0.114988
2014-07-07,xlu,1,0.0583658
2014-07-07,xlu,2,0.87573
2014-07-07,xlu,3,-0.18026
2014-07-07,xlb,1,0.376006
2014-07-07,xlb,2,-0.023814
2014-07-07,xlb,3,0.241496
2014-10-03,xlf,1,0.353412
2014-10-03,xlf,2,-0.222516
2014-10-03,xlf,3,-0.332056
2014-10-03,xlk,1,0.364358
2014-10-03,xlk,2,-0.143272
2014-10-03,xlk,3,-0.262895
2014-10-03,xle,1,0.318386
2014-10-03,xle,2,0.212912
2014-10-03,xle,3,0.275487
2014-10-03,xlv,1,0.351957
2014-10-03,xlv,2,-0.052342
2014-10-03,xlv,3,0.198062
2014-10-03,xly,1,0.365685
2014-10-03,xly,2,-0.112292
2014-10-03,xly,3,-0.208902
2014-10-03,xlp,1,0.323647
2014-10-03,xlp,2,0.110499
2014-10-03,xlp,3,0.577343
2014-10-03,xli,1,0.355203
2014-10-03,xli,2,-0.105291
2014-10-03,xli,3,-0.363116
2014-10-03,xlu,1,0.172232
2014-10-03,xlu,2,0.914826
2014-10-03,xlu,3,-0.275717
2014-10-03,xlb,1,0.35042
2014-10-03,xlb,2,-0.0952718
2014-10-03,xlb,3,0.347369
2015-01-05,xlf,1,0.37735
2015-01-05,xlf,2,0.120105
2015-01-05,xlf,3,-0.113726
2015-01-05,xlk,1,0.366892
2015-01-05,xlk,2,0.0192582
2015-01-05,xlk,3,-0.302106
2015-01-05,xle,1,0.25949
2015-01-05,xle,2,-0.612889
2015-01-05,xle,3,0.402192
2015-01-05,xlv,1,0.334667
2015-01-05,xlv,2,0.186103
2015-01-05,xlv,3,-0.129639
2015-01-05,xly,1,0.357721
2015-01-05,xly,2,0.00374969
2015-01-05,xly,3,-0.325712
2015-01-05,xlp,1,0.317018
2015-01-05,xlp,2,0.43586
2015-01-05,xlp,3,-0.00420243
2015-01-05,xli,1,0.366049
2015-01-05,xli,2,-0.218244
2015-01-05,xli,3,-0.110995
2015-01-05,xlu,1,0.248397
2015-01-05,xlu,2,0.449837
2015-01-05,xlu,3,0.750815
2015-01-05,xlb,1,0.345692
2015-01-05,xlb,2,-0.367375
2015-01-05,xlb,3,0.187311
2015-04-07,xlf,1,0.359778
2015-04-07,xlf,2,-0.253749
2015-04-07,xlf,3,-0.122592
2015-04-07,xlk,1,0.342156
2015-04-07,xlk,2,-0.0778351
2015-04-07,xlk,3,-0.324528
2015-04-07,xle,1,0.256271
2015-04-07,xle,2,-0.265995
2015-04-07,xle,3,0.820027
2015-04-07,xlv,1,0.345308
2015-04-07,xlv,2,0.14984
2015-04-07,xlv,3,-0.15795
2015-04-07,xly,1,0.362602
2015-04-07,xly,2,-0.151214
2015-04-07,xly,3,-0.182131
2015-04-07,xlp,1,0.354072
2015-04-07,xlp,2,0.239656
2015-04-07,xlp,3,-0.0877137
2015-04-07,xli,1,0.37783
2015-04-07,xli,2,-0.038351
2015-04-07,xli,3,-0.119304
2015-04-07,xlu,1,0.217902
2015-04-07,xlu,2,0.847822
2015-04-07,xlu,3,0.260052
2015-04-07,xlb,1,0.348558
2015-04-07,xlb,2,-0.18914
2015-04-07,xlb,3,0.243996
2015-07-07,xlf,1,0.343759
2015-07-07,xlf,2,-0.0844414
2015-07-07,xlf,3,0.381193
2015-07-07,xlk,1,0.366712
2015-07-07,xlk,2,-0.0492403
2015-07-07,xlk,3,0.0889859
2015-07-07,xle,1,0.227162
2015-07-07,xle,2,-0.822341
2015-07-07,xle,3,-0.319063
2015-07-07,xlv,1,0.351217
2015-07-07,xlv,2,0.226887
2015-07-07,xlv,3,0.108347
2015-07-07,xly,1,0.361295
2015-07-07,xly,2,0.152068
2015-07-07,xly,3,0.0976513
2015-07-07,xlp,1,0.333249
2015-07-07,xlp,2,0.325057
2015-07-07,xlp,3,0.0127568
2015-07-07,xli,1,0.366925
2015-07-07,xli,2,-0.0534973
2015-07-07,xli,3,0.111317
2015-07-07,xlu,1,0.263469
2015-07-07,xlu,2,0.304579
2015-07-07,xlu,3,-0.842577
2015-07-07,xlb,1,0.35603
2015-07-07,xlb,2,-0.195719
2015-07-07,xlb,3,0.0347465
2015-10-05,xlf,1,0.344744
2015-10-05,xlf,2,0.0841916
2015-10-05,xlf,3,-0.209075
2015-10-05,xlk,1,0.34683
2015-10-05,xlk,2,-0.0550195
2015-10-05,xlk,3,-0.268569
2015-10-05,xle,1,0.309765
2015-10-05,xle,2,-0.341664
2015-10-05,xle,3,0.707133
2015-10-05,xlv,1,0.32767
2015-10-05,xlv,2,-0.0886119
2015-10-05,xlv,3,-0.361401
2015-10-05,xly,1,0.347457
2015-10-05,xly,2,-0.0636518
2015-10-05,xly,3,-0.23872
2015-10-05,xlp,1,0.351348
2015-10-05,xlp,2,0.119037
2015-10-05,xlp,3,-0.0796463
2015-10-05,xli,1,0.356965
2015-10-05,xli,2,-0.0949799
2015-10-05,xli,3,-0.0258506
2015-10-05,xlu,1,0.262818
2015-10-05,xlu,2,0.875845
2015-10-05,xlu,3,0.322212
2015-10-05,xlb,1,0.341862
2015-10-05,xlb,2,-0.266368
2015-10-05,xlb,3,0.292729
2016-01-05,xlf,1,0.381146
2016-01-05,xlf,2,0.0400459
2016-01-05,xlf,3,0.170596
2016-01-05,xlk,1,0.366498
2016-01-05,xlk,2,0.157912
2016-01-05,xlk,3,0.212732
2016-01-05,xle,1,0.277081
2016-01-05,xle,2,-0.650016
2016-01-05,xle,3,0.0285271
2016-01-05,xlv,1,0.319283
2016-01-05,xlv,2,0.225632
2016-01-05,xlv,3,0.30782
2016-01-05,xly,1,0.365046
2016-01-05,xly,2,0.283773
2016-01-05,xly,3,0.112866
2016-01-05,xlp,1,0.351496
2016-01-05,xlp,2,0.294575
2016-01-05,xlp,3,-0.207442
2016-01-05,xli,1,0.378291
2016-01-05,xli,2,-0.0324878
2016-01-05,xli,3,-0.0724808
2016-01-05,xlu,1,0.216983
2016-01-05,xlu,2,0.0731625
2016-01-05,xlu,3,-0.876955
2016-01-05,xlb,1,0.307729
2016-01-05,xlb,2,-0.571243
2016-01-05,xlb,3,0.000789907
2016-04-06,xlf,1,0.370848
2016-04-06,xlf,2,-0.121474
2016-04-06,xlf,3,0.0278043
2016-04-06,xlk,1,0.372194
2016-04-06,xlk,2,0.00773225
2016-04-06,xlk,3,-0.269089
2016-04-06,xle,1,0.32493
2016-04-06,xle,2,-0.123178
2016-04-06,xle,3,0.461902
2016-04-06,xlv,1,0.312813
2016-04-06,xlv,2,-0.236812
2016-04-06,xlv,3,-0.330739
2016-04-06,xly,1,0.358658
2016-04-06,xly,2,-0.0736531
2016-04-06,xly,3,-0.372189
2016-04-06,xlp,1,0.323205
2016-04-06,xlp,2,0.400066
2016-04-06,xlp,3,-0.348626
2016-04-06,xli,1,0.374024
2016-04-06,xli,2,-0.0691342
2016-04-06,xli,3,0.212207
2016-04-06,xlu,1,0.174481
2016-04-06,xlu,2,0.839662
2016-04-06,xlu,3,0.246212
2016-04-06,xlb,1,0.342166
2016-04-06,xlb,2,-0.196576
2016-04-06,xlb,3,0.48822
2016-07-06,xlf,1,0.379576
2016-07-06,xlf,2,-0.170141
2016-07-06,xlf,3,-0.00831254
2016-07-06,xlk,1,0.37071
2016-07-06,xlk,2,-0.0406965
2016-07-06,xlk,3,-0.339168
2016-07-06,xle,1,0.324581
2016-07-06,xle,2,-0.152915
2016-07-06,xle,3,0.620042
2016-07-06,xlv,1,0.346366
2016-07-06,xlv,2,-0.0673999
2016-07-06,xlv,3,-0.471317
2016-07-06,xly,1,0.378402
2016-07-06,xly,2,0.0127229
2016-07-06,xly,3,-0.220375
2016-07-06,xlp,1,0.24034
2016-07-06,xlp,2,0.598113
2016-07-06,xlp,3,-0.103664
2016-07-06,xli,1,0.398228
2016-07-06,xli,2,-0.0482492
2016-07-06,xli,3,0.09312
2016-07-06,xlu,1,0.0463329
2016-07-06,xlu,2,0.761674
2016-07-06,xlu,3,0.172237
2016-07-06,xlb,1,0.362615
2016-07-06,xlb,2,-0.0330782
2016-07-06,xlb,3,0.425036
2016-10-04,xlf,1,0.342504
2016-10-04,xlf,2,-0.285481
2016-10-04,xlf,3,-0.114716
2016-10-04,xlk,1,0.365443
2016-10-04,xlk,2,-0.0433308
2016-10-04,xlk,3,-0.299175
2016-10-04,xle,1,0.260492
2016-10-04,xle,2,-0.337799
2016-10-04,xle,3,0.699019
2016-10-04,xlv,1,0.334903
2016-10-04,xlv,2,0.1397
2016-10-04,xlv,3,-0.377833
2016-10-04,xly,1,0.372985
2016-10-04,xly,2,0.00610127
2016-10-04,xly,3,-0.267768
2016-10-04,xlp,1,0.323543
2016-10-04,xlp,2,0.46
2016-10-04,xlp,3,0.0538347
2016-10-04,xli,1,0.385611
2016-10-04,xli,2,-0.169034
2016-10-04,xli,3,0.0607445
2016-10-04,xlu,1,0.22274
2016-10-04,xlu,2,0.695983
2016-10-04,xlu,3,0.393701
2016-10-04,xlb,1,0.356397
2016-10-04,xlb,2,-0.241656
2016-10-04,xlb,3,0.180724
2017-01-04,xlf,1,0.366776
2017-01-04,xlf,2,-0.350871
2017-01-04,xlf,3,-0.247399
2017-01-04,xlk,1,0.298402
2017-01-04,xlk,2,0.417145
2017-01-04,xlk,3,-0.0422223
2017-01-04,xle,1,0.307396
2017-01-04,xle,2,-0.154453
2017-01-04,xle,3,0.758947
2017-01-04,xlv,1,0.328969
2017-01-04,xlv,2,-0.0825936
2017-01-04,xlv,3,0.182444
2017-01-04,xly,1,0.397187
2017-01-04,xly,2,0.184616
2017-01-04,xly,3,-0.457038
2017-01-04,xlp,1,0.140936
2017-01-04,xlp,2,0.560534
2017-01-04,xlp,3,0.0798245
2017-01-04,xli,1,0.437349
2017-01-04,xli,2,-0.122494
2017-01-04,xli,3,-0.23708
2017-01-04,xlu,1,0.0672475
2017-01-04,xlu,2,0.541381
2017-01-04,xlu,3,0.173656
2017-01-04,xlb,1,0.44755
2017-01-04,xlb,2,-0.12579
2017-01-04,xlb,3,0.161573
2017-04-05,xlf,1,0.393733
2017-04-05,xlf,2,0.230719
2017-04-05,xlf,3,-0.0457665
2017-04-05,xlk,1,0.426333
2017-04-05,xlk,2,0.130572
2017-04-05,xlk,3,-0.0599857
2017-04-05,xle,1,0.3172
2017-04-05,xle,2,-0.337388
2017-04-05,xle,3,0.102927
2017-04-05,xlv,1,0.207261
2017-04-05,xlv,2,0.0414569
2017-04-05,xlv,3,-0.932915
2017-04-05,xly,1,0.380498
2017-04-05,xly,2,0.00523126
2017-04-05,xly,3,0.123576
2017-04-05,xlp,1,0.162985
2017-04-05,xlp,2,-0.594652
2017-04-05,xlp,3,-0.0425049
2017-04-05,xli,1,0.429051
2017-04-05,xli,2,0.0269961
2017-04-05,xli,3,0.116347
2017-04-05,xlu,1,-0.0656092
2017-04-05,xlu,2,-0.677698
2017-04-05,xlu,3,-0.1017
2017-04-05,xlb,1,0.399887
2017-04-05,xlb,2,-0.023004
2017-04-05,xlb,3,0.269121
2017-07-06,xlf,1,0.352831
2017-07-06,xlf,2,-0.365001
2017-07-06,xlf,3,-0.0395776
2017-07-06,xlk,1,0.340198
2017-07-06,xlk,2,0.231524
2017-07-06,xlk,3,-0.382278
2017-07-06,xle,1,0.162719
2017-07-06,xle,2,-0.555487
2017-07-06,xle,3,0.473379
2017-07-06,xlv,1,0.321004
2017-07-06,xlv,2,0.142242
2017-07-06,xlv,3,-0.353809
2017-07-06,xly,1,0.419032
2017-07-06,xly,2,0.136774
2017-07-06,xly,3,-0.104609
2017-07-06,xlp,1,0.284637
2017-07-06,xlp,2,0.40484
2017-07-06,xlp,3,0.346791
2017-07-06,xli,1,0.43358
2017-07-06,xli,2,-0.101484
2017-07-06,xli,3,-0.00679343
2017-07-06,xlu,1,0.127147
2017-07-06,xlu,2,0.48722
2017-07-06,xlu,3,0.59607
2017-07-06,xlb,1,0.411692
2017-07-06,xlb,2,-0.232564
2017-07-06,xlb,3,0.128356
2017-10-04,xlf,1,0.354167
2017-10-04,xlf,2,-0.356198
2017-10-04,xlf,3,-0.105848
2017-10-04,xlk,1,0.406107
2017-10-04,xlk,2,0.106925
2017-10-04,xlk,3,-0.182787
2017-10-04,xle,1,0.218152
2017-10-04,xle,2,-0.233057
2017-10-04,xle,3,0.638948
2017-10-04,xlv,1,0.335863
2017-10-04,xlv,2,0.249943
2017-10-04,xlv,3,-0.369795
2017-10-04,xly,1,0.395972
2017-10-04,xly,2,-0.0707014
2017-10-04,xly,3,0.174782
2017-10-04,xlp,1,0.216909
2017-10-04,xlp,2,0.421483
2017-10-04,xlp,3,0.546961
2017-10-04,xli,1,0.408842
2017-10-04,xli,2,0.00672169
2017-10-04,xli,3,-0.278667
2017-10-04,xlu,1,-0.011494
2017-10-04,xlu,2,0.749572
2017-10-04,xlu,3,0.0105245
2017-10-04,xlb,1,0.422043
2017-10-04,xlb,2,-0.0187995
2017-10-04,xlb,3,0.0538654
2018-01-04,xlf,1,0.354864
2018-01-04,xlf,2,-0.156733
2018-01-04,xlf,3,0.440182
2018-01-04,xlk,1,0.256612
2018-01-04,xlk,2,0.185944
2018-01-04,xlk,3,-0.632181
2018-01-04,xle,1,0.294086
2018-01-04,xle,2,-0.437322
2018-01-04,xle,3,-0.212234
2018-01-04,xlv,1,0.307146
2018-01-04,xlv,2,0.299868
2018-01-04,xlv,3,-0.293498
2018-01-04,xly,1,0.428038
2018-01-04,xly,2,-0.17804
2018-01-04,xly,3,-0.154457
2018-01-04,xlp,1,0.14689
2018-01-04,xlp,2,0.480441
2018-01-04,xlp,3,0.415187
2018-01-04,xli,1,0.457081
2018-01-04,xli,2,0.150136
2018-01-04,xli,3,0.210666
2018-01-04,xlu,1,-0.026825
2018-01-04,xlu,2,0.612049
2018-01-04,xlu,3,-0.124522
2018-01-04,xlb,1,0.461477
2018-01-04,xlb,2,-0.00467898
2018-01-04,xlb,3,0.138852
2018-04-06,xlf,1,0.359145
2018-04-06,xlf,2,-0.200251
2018-04-06,xlf,3,-0.138833
2018-04-06,xlk,1,0.357471
2018-04-06,xlk,2,-0.0683692
2018-04-06,xlk,3,-0.029571
2018-04-06,xle,1,0.317717
2018-04-06,xle,2,-0.077395
2018-04-06,xle,3,0.687346
2018-04-06,xlv,1,0.350928
2018-04-06,xlv,2,-0.0400802
2018-04-06,xlv,3,-0.4057
2018-04-06,xly,1,0.354987
2018-04-06,xly,2,-0.12522
2018-04-06,xly,3,0.0256375
2018-04-06,xlp,1,0.321505
2018-04-06,xlp,2,0.265328
2018-04-06,xlp,3,-0.47736
2018-04-06,xli,1,0.364041
2018-04-06,xli,2,-0.120538
2018-04-06,xli,3,-0.0134183
2018-04-06,xlu,1,0.177304
2018-04-06,xlu,2,0.917705
2018-04-06,xlu,3,0.169643
2018-04-06,xlb,1,0.354671
2018-04-06,xlb,2,-0.0695596
2018-04-06,xlb,3,0.292105
2018-07-06,xlf,1,0.316433
2018-07-06,xlf,2,-0.235332
2018-07-06,xlf,3,-0.35971
2018-07-06,xlk,1,0.383837
2018-07-06,xlk,2,0.0408167
2018-07-06,xlk,3,-0.282182
2018-07-06,xle,1,0.223014
2018-07-06,xle,2,-0.216888
2018-07-06,xle,3,0.824272
2018-07-06,xlv,1,0.384944
2018-07-06,xlv,2,0.266144
2018-07-06,xlv,3,-0.0416418
2018-07-06,xly,1,0.397883
2018-07-06,xly,2,0.118904
2018-07-06,xly,3,-0.188721
2018-07-06,xlp,1,0.234312
2018-07-06,xlp,2,0.533683
2018-07-06,xlp,3,0.153834
2018-07-06,xli,1,0.399973
2018-07-06,xli,2,-0.167985
2018-07-06,xli,3,0.0914966
2018-07-06,xlu,1,-0.0683066
2018-07-06,xlu,2,0.69426
2018-07-06,xlu,3,0.132792
2018-07-06,xlb,1,0.420434
2018-07-06,xlb,2,-0.126126
2018-07-06,xlb,3,0.156646
2018-10-04,xlf,1,0.237575
2018-10-04,xlf,2,0.311091
2018-10-04,xlf,3,0.345012
2018-10-04,xlk,1,0.339184
2018-10-04,xlk,2,0.25404
2018-10-04,xlk,3,-0.568962
2018-10-04,xle,1,0.256861
2018-10-04,xle,2,0.278846
2018-10-04,xle,3,0.383378
2018-10-04,xlv,1,0.428669
2018-10-04,xlv,2,-0.064604
2018-10-04,xlv,3,-0.302834
2018-10-04,xly,1,0.357449
2018-10-04,xly,2,0.267921
2018-10-04,xly,3,-0.317434
2018-10-04,xlp,1,0.247758
2018-10-04,xlp,2,-0.543683
2018-10-04,xlp,3,0.104788
2018-10-04,xli,1,0.427709
2018-10-04,xli,2,-0.129689
2018-10-04,xli,3,0.25829
2018-10-04,xlu,1,0.110817
2018-10-04,xlu,2,-0.602605
2018-10-04,xlu,3,-0.194667
2018-10-04,xlb,1,0.440918
2018-10-04,xlb,2,-0.0971212
2018-10-04,xlb,3,0.319699
2019-01-07,xlf,1,0.358146
2019-01-07,xlf,2,-0.0491776
2019-01-07,xlf,3,0.168567
2019-01-07,xlk,1,0.352545
2019-01-07,xlk,2,-0.218647
2019-01-07,xlk,3,-0.395972
2019-01-07,xle,1,0.331212
2019-01-07,xle,2,-0.0478418
2019-01-07,xle,3,0.799074
2019-01-07,xlv,1,0.357445
2019-01-07,xlv,2,0.0404126
2019-01-07,xlv,3,-0.277119
2019-01-07,xly,1,0.362025
2019-01-07,xly,2,-0.164662
2019-01-07,xly,3,-0.281522
2019-01-07,xlp,1,0.301938
2019-01-07,xlp,2,0.488541
2019-01-07,xlp,3,-0.0566784
2019-01-07,xli,1,0.373151
2019-01-07,xli,2,-0.13378
2019-01-07,xli,3,-0.0165202
2019-01-07,xlu,1,0.15702
2019-01-07,xlu,2,0.791701
2019-01-07,xlu,3,-0.0331097
2019-01-07,xlb,1,0.351922
2019-01-07,xlb,2,-0.188092
2019-01-07,xlb,3,0.125064
2019-04-08,xlf,1,0.347626
2019-04-08,xlf,2,-0.20983
2019-04-08,xlf,3,0.428639
2019-04-08,xlk,1,0.37867
2019-04-08,xlk,2,0.0509318
2019-04-08,xlk,3,-0.463708
2019-04-08,xle,1,0.36657
2019-04-08,xle,2,-0.12758
2019-04-08,xle,3,-0.179273
2019-04-08,xlv,1,0.354703
2019-04-08,xlv,2,0.227898
2019-04-08,xlv,3,-0.118364
2019-04-08,xly,1,0.386954
2019-04-08,xly,2,0.0499312
2019-04-08,xly,3,-0.196986
2019-04-08,xlp,1,0.234488
2019-04-08,xlp,2,0.522359
2019-04-08,xlp,3,0.647867
2019-04-08,xli,1,0.387144
2019-04-08,xli,2,-0.117776
2019-04-08,xli,3,0.164466
2019-04-08,xlu,1,0.0309026
2019-04-08,xlu,2,0.717372
2019-04-08,xlu,3,-0.263501
2019-04-08,xlb,1,0.346446
2019-04-08,xlb,2,-0.285162
2019-04-08,xlb,3,0.00884623
2019-07-09,xlf,1,0.383598
2019-07-09,xlf,2,0.110752
2019-07-09,xlf,3,0.147737
2019-07-09,xlk,1,0.378211
2019-07-09,xlk,2,0.197783
2019-07-09,xlk,3,-0.296395
2019-07-09,xle,1,0.28641
2019-07-09,xle,2,0.312141
2019-07-09,xle,3,0.367359
2019-07-09,xlv,1,0.259733
2019-07-09,xlv,2,-0.303318
2019-07-09,xlv,3,-0.712986
2019-07-09,xly,1,0.400472
2019-07-09,xly,2,0.110085
2019-07-09,xly,3,-0.238187
2019-07-09,xlp,1,0.295204
2019-07-09,xlp,2,-0.447463
2019-07-09,xlp,3,0.208802
2019-07-09,xli,1,0.4018
2019-07-09,xli,2,0.0774664
2019-07-09,xli,3,0.0995274
2019-07-09,xlu,1,0.0562658
2019-07-09,xlu,2,-0.731311
2019-07-09,xlu,3,0.209295
2019-07-09,xlb,1,0.384947
2019-07-09,xlb,2,-0.077616
2019-07-09,xlb,3,0.304928
2019-10-07,xlf,1,0.358862
2019-10-07,xlf,2,-0.185829
2019-10-07,xlf,3,-0.16756
2019-10-07,xlk,1,0.365346
2019-10-07,xlk,2,0.0268692
2019-10-07,xlk,3,0.048676
2019-10-07,xle,1,0.308408
2019-10-07,xle,2,-0.348216
2019-10-07,xle,3,-0.647558
2019-10-07,xlv,1,0.349177
2019-10-07,xlv,2,0.193956
2019-10-07,xlv,3,-0.168177
2019-10-07,xly,1,0.365545
2019-10-07,xly,2,-0.0832491
2019-10-07,xly,3,0.187579
2019-10-07,xlp,1,0.316414
2019-10-07,xlp,2,0.383435
2019-10-07,xlp,3,0.367981
2019-10-07,xli,1,0.360115
2019-10-07,xli,2,-0.284256
2019-10-07,xli,3,0.0854558
2019-10-07,xlu,1,0.196605
2019-10-07,xlu,2,0.747236
2019-10-07,xlu,3,-0.367903
2019-10-07,xlb,1,0.344417
2019-10-07,xlb,2,-0.112943
2019-10-07,xlb,3,0.456824
2020-01-07,xlf,1,0.437128
2020-01-07,xlf,2,-0.00599173
2020-01-07,xlf,3,-0.00642973
2020-01-07,xlk,1,0.390826
2020-01-07,xlk,2,-0.106004
2020-01-07,xlk,3,-0.325604
2020-01-07,xle,1,0.296986
2020-01-07,xle,2,0.221576
2020-01-07,xle,3,0.608093
2020-01-07,xlv,1,0.278251
2020-01-07,xlv,2,-0.233813
2020-01-07,xlv,3,0.509799
2020-01-07,xly,1,0.3563
2020-01-07,xly,2,-0.27507
2020-01-07,xly,3,-0.437769
2020-01-07,xlp,1,-0.0811533
2020-01-07,xlp,2,-0.659229
2020-01-07,xlp,3,0.00895025
2020-01-07,xli,1,0.430038
2020-01-07,xli,2,0.0523747
2020-01-07,xli,3,-0.00946932
2020-01-07,xlu,1,-0.180094
2020-01-07,xlu,2,-0.599141
2020-01-07,xlu,3,0.265649
2020-01-07,xlb,1,0.373696
2020-01-07,xlb,2,-0.114033
2020-01-07,xlb,3,0.0434456
2020-04-07,xlf,1,0.344673
2020-04-07,xlf,2,-0.160033
2020-04-07,xlf,3,0.0145708
2020-04-07,xlk,1,0.340121
2020-04-07,xlk,2,0.0181949
2020-04-07,xlk,3,-0.508716
2020-04-07,xle,1,0.306593
2020-04-07,xle,2,-0.623321
2020-04-07,xle,3,0.519277
2020-04-07,xlv,1,0.340198
2020-04-07,xlv,2,0.203847
2020-04-07,xlv,3,0.0845278
2020-04-07,xly,1,0.336163
2020-04-07,xly,2,-0.160056
2020-04-07,xly,3,-0.576524
2020-04-07,xlp,1,0.321773
2020-04-07,xlp,2,0.486042
2020-04-07,xlp,3,0.144257
2020-04-07,xli,1,0.344212
2020-04-07,xli,2,-0.123942
2020-04-07,xli,3,0.0443218
2020-04-07,xlu,1,0.319048
2020-04-07,xlu,2,0.497457
2020-04-07,xlu,3,0.329598
2020-04-07,xlb,1,0.344916
2020-04-07,xlb,2,-0.138909
2020-04-07,xlb,3,0.020336
2020-07-08,xlf,1,0.343159
2020-07-08,xlf,2,-0.379123
2020-07-08,xlf,3,-0.111756
2020-07-08,xlk,1,0.321505
2020-07-08,xlk,2,0.385322
2020-07-08,xlk,3,-0.378937
2020-07-08,xle,1,0.32621
2020-07-08,xle,2,-0.416008
2020-07-08,xle,3,-0.175054
2020-07-08,xlv,1,0.303475
2020-07-08,xlv,2,0.532251
2020-07-08,xlv,3,-0.244289
2020-07-08,xly,1,0.35991
2020-07-08,xly,2,0.0641738
2020-07-08,xly,3,-0.17883
2020-07-08,xlp,1,0.327133
2020-07-08,xlp,2,0.322242
2020-07-08,xlp,3,0.328117
2020-07-08,xli,1,0.353549
2020-07-08,xli,2,-0.317251
2020-07-08,xli,3,0.0246914
2020-07-08,xlu,1,0.300113
2020-07-08,xlu,2,0.0980918
2020-07-08,xlu,3,0.783054
2020-07-08,xlb,1,0.358817
2020-07-08,xlb,2,-0.182238
2020-07-08,xlb,3,0.0131277
2020-10-06,xlf,1,0.327281
2020-10-06,xlf,2,-0.414154
2020-10-06,xlf,3,0.0327941
2020-10-06,xlk,1,0.278857
2020-10-06,xlk,2,0.537089
2020-10-06,xlk,3,0.367492
2020-10-06,xle,1,0.300942
2020-10-06,xle,2,-0.505157
2020-10-06,xle,3,0.0651819
2020-10-06,xlv,1,0.344413
2020-10-06,xlv,2,0.206206
2020-10-06,xlv,3,-0.0913215
2020-10-06,xly,1,0.345401
2020-10-06,xly,2,0.307215
2020-10-06,xly,3,0.325971
2020-10-06,xlp,1,0.370019
2020-10-06,xlp,2,0.170886
2020-10-06,xlp,3,-0.27457
2020-10-06,xli,1,0.381138
2020-10-06,xli,2,-0.26824
2020-10-06,xli,3,0.0903032
2020-10-06,xlu,1,0.254325
2020-10-06,xlu,2,0.178402
2020-10-06,xlu,3,-0.799172
2020-10-06,xlb,1,0.373866
2020-10-06,xlb,2,-0.122244
2020-10-06,xlb,3,0.151024
2021-01-06,xlf,1,0.345839
2021-01-06,xlf,2,-0.370426
2021-01-06,xlf,3,-0.223199
2021-01-06,xlk,1,0.275172
2021-01-06,xlk,2,0.52763
2021-01-06,xlk,3,-0.270683
2021-01-06,xle,1,0.292694
2021-01-06,xle,2,-0.451797
2021-01-06,xle,3,-0.48364
2021-01-06,xlv,1,0.298837
2021-01-06,xlv,2,0.30892
2021-01-06,xlv,3,-0.246433
2021-01-06,xly,1,0.34339
2021-01-06,xly,2,0.357407
2021-01-06,xly,3,-0.185049
2021-01-06,xlp,1,0.347011
2021-01-06,xlp,2,0.250135
2021-01-06,xlp,3,0.3815
2021-01-06,xli,1,0.387787
2021-01-06,xli,2,-0.222585
2021-01-06,xli,3,0.123388
2021-01-06,xlu,1,0.329813
2021-01-06,xlu,2,-0.0955904
2021-01-06,xlu,3,0.606912
2021-01-06,xlb,1,0.363612
2021-01-06,xlb,2,-0.189341
2021-01-06,xlb,3,0.137564
2021-04-08,xlf,1,0.352495
2021-04-08,xlf,2,-0.373881
2021-04-08,xlf,3,-0.106677
2021-04-08,xlk,1,0.308785
2021-04-08,xlk,2,0.295556
2021-04-08,xlk,3,0.558915
2021-04-08,xle,1,0.225902
2021-04-08,xle,2,-0.537026
2021-04-08,xle,3,-0.0429979
2021-04-08,xlv,1,0.357192
2021-04-08,xlv,2,0.259383
2021-04-08,xlv,3,-0.13186
2021-04-08,xly,1,0.340016
2021-04-08,xly,2,0.238132
2021-04-08,xly,3,0.490266
2021-04-08,xlp,1,0.33775
2021-04-08,xlp,2,0.201141
2021-04-08,xlp,3,-0.442221
2021-04-08,xli,1,0.394837
2021-04-08,xli,2,-0.272372
2021-04-08,xli,3,0.0121528
2021-04-08,xlu,1,0.241744
2021-04-08,xlu,2,0.451558
2021-04-08,xlu,3,-0.468883
2021-04-08,xlb,1,0.397188
2021-04-08,xlb,2,-0.204762
2021-04-08,xlb,3,0.0328418
2021-07-08,xlf,1,0.375601
2021-07-08,xlf,2,-0.370353
2021-07-08,xlf,3,-0.091387
2021-07-08,xlk,1,0.296737
2021-07-08,xlk,2,0.322367
2021-07-08,xlk,3,0.516836
2021-07-08,xle,1,0.251723
2021-07-08,xle,2,-0.493998
2021-07-08,xle,3,-0.0892014
2021-07-08,xlv,1,0.289642
2021-07-08,xlv,2,0.398896
2021-07-08,xlv,3,-0.140531
2021-07-08,xly,1,0.321812
2021-07-08,xly,2,0.163709
2021-07-08,xly,3,0.579929
2021-07-08,xlp,1,0.3446
2021-07-08,xlp,2,0.24314
2021-07-08,xlp,3,-0.40605
2021-07-08,xli,1,0.424553
2021-07-08,xli,2,-0.199589
2021-07-08,xli,3,0.00180828
2021-07-08,xlu,1,0.260912
2021-07-08,xlu,2,0.399594
2021-07-08,xlu,3,-0.44127
2021-07-08,xlb,1,0.39113
2021-07-08,xlb,2,-0.265212
2021-07-08,xlb,3,0.0301187
2021-10-06,xlf,1,0.399614
2021-10-06,xlf,2,-0.204117
2021-10-06,xlf,3,0.131515
2021-10-06,xlk,1,0.343127
2021-10-06,xlk,2,0.12185
2021-10-06,xlk,3,-0.572839
2021-10-06,xle,1,0.320516
2021-10-06,xle,2,-0.42634
2021-10-06,xle,3,0.16622
2021-10-06,xlv,1,0.244777
2021-10-06,xlv,2,0.442722
2021-10-06,xlv,3,-0.465764
2021-10-06,xly,1,0.358494
2021-10-06,xly,2,-0.143677
2021-10-06,xly,3,-0.146506
2021-10-06,xlp,1,0.279052
2021-10-06,xlp,2,0.467778
2021-10-06,xlp,3,0.183357
2021-10-06,xli,1,0.418277
2021-10-06,xli,2,-0.0453785
2021-10-06,xli,3,0.163666
2021-10-06,xlu,1,0.140693
2021-10-06,xlu,2,0.542906
2021-10-06,xlu,3,0.552773
2021-10-06,xlb,1,0.398482
2021-10-06,xlb,2,-0.171627
2021-10-06,xlb,3,0.15022
2022-01-05,xlf,1,0.387351
2022-01-05,xlf,2,0.0571448
2022-01-05,xlf,3,0.345697
2022-01-05,xlk,1,0.289371
2022-01-05,xlk,2,0.426789
2022-01-05,xlk,3,-0.444028
2022-01-05,xle,1,0.335616
2022-01-05,xle,2,0.198458
2022-01-05,xle,3,0.496704
2022-01-05,xlv,1,0.269657
2022-01-05,xlv,2,-0.250298
2022-01-05,xlv,3,-0.553259
2022-01-05,xly,1,0.260034
2022-01-05,xly,2,0.52815
2022-01-05,xly,3,-0.258393
2022-01-05,xlp,1,0.318448
2022-01-05,xlp,2,-0.450062
2022-01-05,xlp,3,0.0582721
2022-01-05,xli,1,0.416256
2022-01-05,xli,2,0.0351882
2022-01-05,xli,3,0.12667
2022-01-05,xlu,1,0.28681
2022-01-05,xlu,2,-0.477585
2022-01-05,xlu,3,-0.196891
2022-01-05,xlb,1,0.395368
2022-01-05,xlb,2,-0.0415635
2022-01-05,xlb,3,0.074485
2022-04-06,xlf,1,0.374314
2022-04-06,xlf,2,0.176642
2022-04-06,xlf,3,0.0508761
2022-04-06,xlk,1,0.375029
2022-04-06,xlk,2,0.283461
2022-04-06,xlk,3,-0.0628743
2022-04-06,xle,1,-0.02969
2022-04-06,xle,2,-0.176803
2022-04-06,xle,3,0.937321
2022-04-06,xlv,1,0.384777
2022-04-06,xlv,2,-0.171814
2022-04-06,xlv,3,-0.0670845
2022-04-06,xly,1,0.35753
2022-04-06,xly,2,0.363379
2022-04-06,xly,3,0.0536165
2022-04-06,xlp,1,0.300244
2022-04-06,xlp,2,-0.46427
2022-04-06,xlp,3,-0.24793
2022-04-06,xli,1,0.399583
2022-04-06,xli,2,0.0714963
2022-04-06,xli,3,0.130732
2022-04-06,xlu,1,0.192044
2022-04-06,xlu,2,-0.689164
2022-04-06,xlu,3,-0.0266611
2022-04-06,xlb,1,0.394697
2022-04-06,xlb,2,0.00428559
2022-04-06,xlb,3,0.168052
2022-07-08,xlf,1,0.366102
2022-07-08,xlf,2,0.0757512
2022-07-08,xlf,3,0.124106
2022-07-08,xlk,1,0.354668
2022-07-08,xlk,2,0.252545
2022-07-08,xlk,3,0.255138
2022-07-08,xle,1,0.237044
2022-07-08,xle,2,-0.792291
2022-07-08,xle,3,0.326815
2022-07-08,xlv,1,0.345488
2022-07-08,xlv,2,0.063754
2022-07-08,xlv,3,-0.289705
2022-07-08,xly,1,0.33607
2022-07-08,xly,2,0.375932
2022-07-08,xly,3,0.30747
2022-07-08,xlp,1,0.310714
2022-07-08,xlp,2,0.189605
2022-07-08,xlp,3,-0.471579
2022-07-08,xli,1,0.373144
2022-07-08,xli,2,0.00436328
2022-07-08,xli,3,0.109072
2022-07-08,xlu,1,0.294599
2022-07-08,xlu,2,-0.328645
2022-07-08,xlu,3,-0.60415
2022-07-08,xlb,1,0.359328
2022-07-08,xlb,2,-0.115724
2022-07-08,xlb,3,0.186941
2022-10-06,xlf,1,0.36368
2022-10-06,xlf,2,-0.104346
2022-10-06,xlf,3,0.208442
2022-10-06,xlk,1,0.356085
2022-10-06,xlk,2,0.052871
2022-10-06,xlk,3,0.312477
2022-10-06,xle,1,0.211525
2022-10-06,xle,2,-0.826249
2022-10-06,xle,3,-0.350157
2022-10-06,xlv,1,0.321968
2022-10-06,xlv,2,0.274898
2022-10-06,xlv,3,0.0434416
2022-10-06,xly,1,0.343379
2022-10-06,xly,2,0.0573686
2022-10-06,xly,3,0.390242
2022-10-06,xlp,1,0.32999
2022-10-06,xlp,2,0.322446
2022-10-06,xlp,3,-0.348902
2022-10-06,xli,1,0.378838
2022-10-06,xli,2,-0.0850509
2022-10-06,xli,3,0.0664827
2022-10-06,xlu,1,0.302301
2022-10-06,xlu,2,0.273544
2022-10-06,xlu,3,-0.669656
2022-10-06,xlb,1,0.3617
2022-10-06,xlb,2,-0.19682
2022-10-06,xlb,3,0.0867854
2023-01-06,xlf,1,0.357646
2023-01-06,xlf,2,0.0155312
2023-01-06,xlf,3,0.0719162
2023-01-06,xlk,1,0.344688
2023-01-06,xlk,2,-0.0448885
2023-01-06,xlk,3,0.35258
2023-01-06,xle,1,0.24072
2023-01-06,xle,2,-0.829273
2023-01-06,xle,3,-0.315744
2023-01-06,xlv,1,0.334671
2023-01-06,xlv,2,0.227076
2023-01-06,xlv,3,-0.43234
2023-01-06,xly,1,0.334997
2023-01-06,xly,2,-0.100287
2023-01-06,xly,3,0.61668
2023-01-06,xlp,1,0.344057
2023-01-06,xlp,2,0.153304
2023-01-06,xlp,3,-0.39637
2023-01-06,xli,1,0.364761
2023-01-06,xli,2,0.0167821
2023-01-06,xli,3,-0.137166
2023-01-06,xlu,1,0.310541
2023-01-06,xlu,2,0.463042
2023-01-06,xlu,3,-0.0157281
2023-01-06,xlb,1,0.351063
2023-01-06,xlb,2,-0.101178
2023-01-06,xlb,3,0.165645
2023-04-10,xlf,1,0.36377
2023-04-10,xlf,2,-0.266202
2023-04-10,xlf,3,0.0963046
2023-04-10,xlk,1,0.335504
2023-04-10,xlk,2,-0.120249
2023-04-10,xlk,3,-0.444881
2023-04-10,xle,1,0.243495
2023-04-10,xle,2,-0.322797
2023-04-10,xle,3,0.651236
2023-04-10,xlv,1,0.348912
2023-04-10,xlv,2,0.293175
2023-04-10,xlv,3,0.242411
2023-04-10,xly,1,0.33265
2023-04-10,xly,2,-0.159838
2023-04-10,xly,3,-0.526369
2023-04-10,xlp,1,0.299061
2023-04-10,xlp,2,0.526097
2023-04-10,xlp,3,0.11629
2023-04-10,xli,1,0.393105
2023-04-10,xli,2,-0.151673
2023-04-10,xli,3,-0.0671492
2023-04-10,xlu,1,0.268365
2023-04-10,xlu,2,0.587936
2023-04-10,xlu,3,-0.0286013
2023-04-10,xlb,1,0.383971
2023-04-10,xlb,2,-0.231358
2023-04-10,xlb,3,0.118407
2023-07-11,xlf,1,0.399629
2023-07-11,xlf,2,0.153087
2023-07-11,xlf,3,0.236969
2023-07-11,xlk,1,0.254084
2023-07-11,xlk,2,0.582684
2023-07-11,xlk,3,-0.23373
2023-07-11,xle,1,0.314616
2023-07-11,xle,2,-0.177639
2023-07-11,xle,3,0.566301
2023-07-11,xlv,1,0.305122
2023-07-11,xlv,2,-0.187957
2023-07-11,xlv,3,-0.427418
2023-07-11,xly,1,0.326731
2023-07-11,xly,2,0.381371
2023-07-11,xly,3,-0.236687
2023-07-11,xlp,1,0.304464
2023-07-11,xlp,2,-0.261494
2023-07-11,xlp,3,-0.467355
2023-07-11,xli,1,0.412478
2023-07-11,xli,2,0.00843869
2023-07-11,xli,3,0.21585
2023-07-11,xlu,1,0.237111
2023-07-11,xlu,2,-0.596834
2023-07-11,xlu,3,-0.147357
2023-07-11,xlb,1,0.397297
2023-07-11,xlb,2,-0.00741491
2023-07-11,xlb,3,0.20757
2023-10-09,xlf,1,0.401857
2023-10-09,xlf,2,0.0370409
2023-10-09,xlf,3,0.182571
2023-10-09,xlk,1,0.310322
2023-10-09,xlk,2,-0.524449
2023-10-09,xlk,3,0.0709671
2023-10-09,xle,1,0.171621
2023-10-09,xle,2,0.34684
2023-10-09,xle,3,0.724021
2023-10-09,xlv,1,0.320494
2023-10-09,xlv,2,0.174668
2023-10-09,xlv,3,-0.367811
2023-10-09,xly,1,0.329812
2023-10-09,xly,2,-0.454421
2023-10-09,xly,3,-0.126276
2023-10-09,xlp,1,0.328199
2023-10-09,xlp,2,0.180477
2023-10-09,xlp,3,-0.425857
2023-10-09,xli,1,0.428431
2023-10-09,xli,2,0.0372667
2023-10-09,xli,3,0.142707
2023-10-09,xlu,1,0.215219
2023-10-09,xlu,2,0.574985
2023-10-09,xlu,3,-0.235142
2023-10-09,xlb,1,0.404572
2023-10-09,xlb,2,-0.0413151
2023-10-09,xlb,3,0.170833
2024-01-09,xlf,1,0.406802
2024-01-09,xlf,2,0.0278113
2024-01-09,xlf,3,0.08807
2024-01-09,xlk,1,0.277614
2024-01-09,xlk,2,-0.538573
2024-01-09,xlk,3,-0.0968943
2024-01-09,xle,1,0.183583
2024-01-09,xle,2,0.480813
2024-01-09,xle,3,0.716836
2024-01-09,xlv,1,0.335317
2024-01-09,xlv,2,0.27165
2024-01-09,xlv,3,-0.328142
2024-01-09,xly,1,0.355489
2024-01-09,xly,2,-0.369283
2024-01-09,xly,3,0.0399669
2024-01-09,xlp,1,0.302349
2024-01-09,xlp,2,0.356958
2024-01-09,xlp,3,-0.406687
2024-01-09,xli,1,0.390628
2024-01-09,xli,2,-0.199693
2024-01-09,xli,3,0.172859
2024-01-09,xlu,1,0.319012
2024-01-09,xlu,2,0.301913
2024-01-09,xlu,3,-0.293536
2024-01-09,xlb,1,0.373037
2024-01-09,xlb,2,-0.0968122
2024-01-09,xlb,3,0.279801
2024-04-10,xlf,1,0.369238
2024-04-10,xlf,2,0.0350175
2024-04-10,xlf,3,-0.262407
2024-04-10,xlk,1,0.266946
2024-04-10,xlk,2,0.547715
2024-04-10,xlk,3,-0.100286
2024-04-10,xle,1,0.17744
2024-04-10,xle,2,-0.348103
2024-04-10,xle,3,-0.798796
2024-04-10,xlv,1,0.353028
2024-04-10,xlv,2,0.124312
2024-04-10,xlv,3,0.313609
2024-04-10,xly,1,0.356169
2024-04-10,xly,2,0.351461
2024-04-10,xly,3,-0.034082
2024-04-10,xlp,1,0.316784
2024-04-10,xlp,2,-0.320477
2024-04-10,xlp,3,0.365986
2024-04-10,xli,1,0.41336
2024-04-10,xli,2,0.157103
2024-04-10,xli,3,-0.0456492
2024-04-10,xlu,1,0.276892
2024-04-10,xlu,2,-0.513471
2024-04-10,xlu,3,0.216501
2024-04-10,xlb,1,0.401928
2024-04-10,xlb,2,-0.218148
2024-04-10,xlb,3,0.0244078
2024-07-11,xlf,1,0.393582
2024-07-11,xlf,2,0.181527
2024-07-11,xlf,3,-0.113543
2024-07-11,xlk,1,0.0948973
2024-07-11,xlk,2,-0.705944
2024-07-11,xlk,3,-0.227326
2024-07-11,xle,1,0.344453
2024-07-11,xle,2,0.0682736
2024-07-11,xle,3,0.495363
2024-07-11,xlv,1,0.312871
2024-07-11,xlv,2,0.149447
2024-07-11,xlv,3,-0.656061
2024-07-11,xly,1,0.302477
2024-07-11,xly,2,-0.448471
2024-07-11,xly,3,0.0336978
2024-07-11,xlp,1,0.324178
2024-07-11,xlp,2,0.289924
2024-07-11,xlp,3,-0.318003
2024-07-11,xli,1,0.403584
2024-07-11,xli,2,-0.248502
2024-07-11,xli,3,-0.0106823
2024-07-11,xlu,1,0.354336
2024-07-11,xlu,2,0.291659
2024-07-11,xlu,3,0.212507
2024-07-11,xlb,1,0.36679
2024-07-11,xlb,2,-0.098467
2024-07-11,xlb,3,0.334806
2024-10-09,xlf,1,0.388835
2024-10-09,xlf,2,0.0334655
2024-10-09,xlf,3,-0.24969
2024-10-09,xlk,1,0.340543
2024-10-09,xlk,2,-0.309062
2024-10-09,xlk,3,0.363177
2024-10-09,xle,1,0.221642
2024-10-09,xle,2,-0.215484
2024-10-09,xle,3,-0.813764
2024-10-09,xlv,1,0.304938
2024-10-09,xlv,2,0.404452
2024-10-09,xlv,3,0.110173
2024-10-09,xly,1,0.394705
2024-10-09,xly,2,-0.19806
2024-10-09,xly,3,0.254058
2024-10-09,xlp,1,0.230467
2024-10-09,xlp,2,0.592337
2024-10-09,xlp,3,0.108957
2024-10-09,xli,1,0.422322
2024-10-09,xli,2,-0.219094
2024-10-09,xli,3,-0.00970657
2024-10-09,xlu,1,0.180518
2024-10-09,xlu,2,0.496447
2024-10-09,xlu,3,-0.215691
2024-10-09,xlb,1,0.413372
2024-10-09,xlb,2,-0.0937778
2024-10-09,xlb,3,0.0915047
2025-01-10,xlf,1,0.390865
2025-01-10,xlf,2,0.151683
2025-01-10,xlf,3,-0.329122
2025-01-10,xlk,1,0.318197
2025-01-10,xlk,2,0.406207
2025-01-10,xlk,3,0.346352
2025-01-10,xle,1,0.279348
2025-01-10,xle,2,-0.0297504
2025-01-10,xle,3,-0.627112
2025-01-10,xlv,1,0.338467
2025-01-10,xlv,2,-0.221367
2025-01-10,xlv,3,0.241428
2025-01-10,xly,1,0.348761
2025-01-10,xly,2,0.286075
2025-01-10,xly,3,0.327987
2025-01-10,xlp,1,0.198788
2025-01-10,xlp,2,-0.575049
2025-01-10,xlp,3,0.411557
2025-01-10,xli,1,0.441881
2025-01-10,xli,2,0.132982
2025-01-10,xli,3,-0.108125
2025-01-10,xlu,1,0.220036
2025-01-10,xlu,2,-0.572876
2025-01-10,xlu,3,-0.177405
2025-01-10,xlb,1,0.385428
2025-01-10,xlb,2,-0.0609003
2025-01-10,xlb,3,0.00651947
2025-04-11,xlf,1,0.365403
2025-04-11,xlf,2,-0.0342438
2025-04-11,xlf,3,0.125267
2025-04-11,xlk,1,0.328901
2025-04-11,xlk,2,-0.435617
2025-04-11,xlk,3,-0.0752799
2025-04-11,xle,1,0.335364
2025-04-11,xle,2,-0.120732
2025-04-11,xle,3,-0.27835
2025-04-11,xlv,1,0.321855
2025-04-11,xlv,2,0.371101
2025-04-11,xlv,3,0.243572
2025-04-11,xly,1,0.344209
2025-04-11,xly,2,-0.309272
2025-04-11,xly,3,0.293797
2025-04-11,xlp,1,0.255686
2025-04-11,xlp,2,0.664739
2025-04-11,xlp,3,0.293973
2025-04-11,xli,1,0.373553
2025-04-11,xli,2,-0.139013
2025-04-11,xli,3,-0.00999593
2025-04-11,xlu,1,0.285142
2025-04-11,xlu,2,0.309899
2025-04-11,xlu,3,-0.806164
2025-04-11,xlb,1,0.370866
2025-04-11,xlb,2,-0.0623178
2025-04-11,xlb,3,0.138197
2025-07-15,xlf,1,0.402748
2025-07-15,xlf,2,0.0025661
2025-07-15,xlf,3,-0.13465
2025-07-15,xlk,1,0.337981
2025-07-15,xlk,2,-0.430493
2025-07-15,xlk,3,-0.246278
2025-07-15,xle,1,0.191236
2025-07-15,xle,2,-0.287063
2025-07-15,xle,3,0.894665
2025-07-15,xlv,1,0.312727
2025-07-15,xlv,2,0.216184
2025-07-15,xlv,3,-0.151011
2025-07-15,xly,1,0.374651
2025-07-15,xly,2,-0.274489
2025-07-15,xly,3,-0.0650091
2025-07-15,xlp,1,0.26683
2025-07-15,xlp,2,0.607181
2025-07-15,xlp,3,0.0440888
2025-07-15,xli,1,0.401157
2025-07-15,xli,2,-0.139902
2025-07-15,xli,3,-0.163401
2025-07-15,xlu,1,0.278464
2025-07-15,xlu,2,0.471062
2025-07-15,xlu,3,0.247794
2025-07-15,xlb,1,0.373046
2025-07-15,xlb,2,-0.00662766
2025-07-15,xlb,3,0.0609566
2025-10-13,xlf,1,0.422052
2025-10-13,xlf,2,0.00946219
2025-10-13,xlf,3,-0.202254
2025-10-13,xlk,1,0.337564
2025-10-13,xlk,2,0.451316
2025-10-13,xlk,3,0.258602
2025-10-13,xle,1,0.238712
2025-10-13,xle,2,0.132628
2025-10-13,xle,3,-0.573257
2025-10-13,xlv,1,0.287104
2025-10-13,xlv,2,-0.419017
2025-10-13,xlv,3,-0.0618699
2025-10-13,xly,1,0.396336
2025-10-13,xly,2,0.105201
2025-10-13,xly,3,-0.0184471
2025-10-13,xlp,1,0.0966273
2025-10-13,xlp,2,-0.692021
2025-10-13,xlp,3,-0.110808
2025-10-13,xli,1,0.454551
2025-10-13,xli,2,0.168223
2025-10-13,xli,3,0.0881911
2025-10-13,xlu,1,0.172144
2025-10-13,xlu,2,-0.207208
2025-10-13,xlu,3,0.734347
2025-10-13,xlb,1,0.407237
2025-10-13,xlb,2,-0.204607
2025-10-13,xlb,3,0.0102925
2026-01-13,xlf,1,0.415072
2026-01-13,xlf,2,-0.0784745
2026-01-13,xlf,3,-0.00833236
2026-01-13,xlk,1,0.225434
2026-01-13,xlk,2,0.648123
2026-01-13,xlk,3,-0.0955089
2026-01-13,xle,1,0.179269
2026-01-13,xle,2,-0.278161
2026-01-13,xle,3,-0.765389
2026-01-13,xlv,1,0.279892
2026-01-13,xlv,2,-0.15063
2026-01-13,xlv,3,0.621766
2026-01-13,xly,1,0.366054
2026-01-13,xly,2,0.246778
2026-01-13,xly,3,-0.0743833
2026-01-13,xlp,1,0.251041
2026-01-13,xlp,2,-0.577641
2026-01-13,xlp,3,0.0325216
2026-01-13,xli,1,0.431651
2026-01-13,xli,2,0.244412
2026-01-13,xli,3,-0.0593184
2026-01-13,xlu,1,0.280178
2026-01-13,xlu,2,-0.0457317
2026-01-13,xlu,3,0.0893835
2026-01-13,xlb,1,0.452303
2026-01-13,xlb,2,-0.131596
2026-01-13,xlb,3,0.0172407
2026-04-15,xlf,1,0.346204
2026-04-15,xlf,2,0.371699
2026-04-15,xlf,3,0.132029
2026-04-15,xlk,1,0.380024
2026-04-15,xlk,2,0.291706
2026-04-15,xlk,3,0.114611
2026-04-15,xle,1,-0.10214
2026-04-15,xle,2,-0.32468
2026-04-15,xle,3,0.864554
2026-04-15,xlv,1,0.36797
2026-04-15,xlv,2,-0.179543
2026-04-15,xlv,3,-0.0890501
2026-04-15,xly,1,0.427674
2026-04-15,xly,2,0.181444
2026-04-15,xly,3,-0.0409839
2026-04-15,xlp,1,0.192538
2026-04-15,xlp,2,-0.552956
2026-04-15,xlp,3,-0.209969
2026-04-15,xli,1,0.44648
2026-04-15,xli,2,-0.00253188
2026-04-15,xli,3,0.078652
2026-04-15,xlu,1,0.150655
2026-04-15,xlu,2,-0.475152
2026-04-15,xlu,3,-0.30578
2026-04-15,xlb,1,0.384542
2026-04-15,xlb,2,-0.273197
2026-04-15,xlb,3,0.261908
2026-07-16,xlf,1,0.243057
2026-07-16,xlf,2,-0.281377
2026-07-16,xlf,3,-0.443369
2026-07-16,xlk,1,0.30914
2026-07-16,xlk,2,0.436043
2026-07-16,xlk,3,0.284759
2026-07-16,xle,1,-0.363913
2026-07-16,xle,2,-0.133413
2026-07-16,xle,3,0.511207
2026-07-16,xlv,1,0.0837772
2026-07-16,xlv,2,-0.496524
2026-07-16,xlv,3,-0.0988207
2026-07-16,xly,1,0.449314
2026-07-16,xly,2,0.0206119
2026-07-16,xly,3,-0.297191
2026-07-16,xlp,1,-0.0853768
2026-07-16,xlp,2,-0.505031
2026-07-16,xlp,3,-0.00535079
2026-07-16,xli,1,0.493799
2026-07-16,xli,2,-0.0149349
2026-07-16,xli,3,0.336241
2026-07-16,xlu,1,0.14323
2026-07-16,xlu,2,-0.444742
2026-07-16,xlu,3,0.434844
2026-07-16,xlb,1,0.482058
2026-07-16,xlb,2,-0.113399
2026-07-16,xlb,3,0.246454
