node_id,interval,size,filter_center,crisis_fraction
0,0,1897,0.0109221,0.0010543
1,1,2751,0.0258533,0.00508906
2,2,1273,0.0407845,0.0243519
3,3,543,0.0557156,0.0626151
4,4,233,0.0706468,0.111588
5,5,128,0.085578,0.195312
6,6,68,0.100509,0.294118
7,7,12,0.11544,0.833333
8,7,21,0.11544,0.333333
9,8,29,0.130372,0.551724
10,9,23,0.145303,0.652174
11,10,4,0.160234,0.75
12,10,1,0.160234,0
13,10,12,0.160234,0.75
14,11,8,0.175165,0.875
15,12,6,0.190096,0.833333
16,13,9,0.205028,0.666667
17,14,4,0.219959,1
18,15,2,0.23489,0.5
19,16,3,0.249821,1
20,19,1,0.294615,1
21,20,3,0.309546,1
22,21,4,0.324477,1
23,24,1,0.369271,1
