period,inventory_lqr,trade_lqr,inventory_twap,trade_twap
0,100000,11977.239660,100000,5000.000000
1,88022.8,10584.888970,95000,5000.000000
2,77437.9,9359.970856,90000,5000.000000
3,68077.9,8283.109469,85000,5000.000000
4,59794.8,7337.270936,80000,5000.000000
5,52457.5,6507.493909,75000,5000.000000
6,45950,5780.652915,70000,5000.000000
7,40169.4,5145.250725,65000,5000.000000
8,35024.1,4591.236502,60000,5000.000000
9,30432.9,4109.846805,55000,5000.000000
10,26323,3693.466977,50000,5000.000000
11,22629.6,3335.510689,45000,5000.000000
12,19294.1,3030.315761,40000,5000.000000
13,16263.7,2773.054598,35000,5000.000000
14,13490.7,2559.657822,30000,5000.000000
15,10931,2386.749908,25000,5000.000000
16,8544.28,2251.595784,20000,5000.000000
17,6292.69,2152.057573,15000,5000.000000
18,4140.63,2086.560772,10000,5000.000000
19,2054.07,2054.069347,5000,5000.000000
20,2.05374e-05,,0,
